clip_id,event_group_id,source_dataset,source_url,video_path,sport_label,candidate_gender,candidate_age,gender_category,age_category,age_detail_raw,label_source,reviewed_at,video_evidence_url,official_event_status,review_note,duration_sec,bytes,quality_review_basis,split,age_review_status,age_rule_url
IA:NMS_vs._Batavia_8th_Grade_Girls_Basketball_2017:300-305,IA:NMS_vs._Batavia_8th_Grade_Girls_Basketball_2017,InternetArchive,https://archive.org/details/NMS_vs._Batavia_8th_Grade_Girls_Basketball_2017,data/processed/internet_archive_sample/basketball/NMS_vs._Batavia_8th_Grade_Girls_Basketball_2017_300s_5s.mp4,basketball,female,youth,female,youth,до 18 лет,project_owner_visual_review,2026-09-29,data/processed/internet_archive_sample/basketball/NMS_vs._Batavia_8th_Grade_Girls_Basketball_2017_300s_5s.mp4,pending,"Пользователь ответил «да»: баскетбол девочек 8-го класса; визуальный просмотр, регламент не проверен",5.006,220928,midpoint_frame_of_5s_clip,unlabeled_review,visual_confirmed,
IA:btvnj-2_November_Men_s_Basketball_Northern_Essex_vs_Monroe:1793.54-1798.54,IA:btvnj-2_November_Men_s_Basketball_Northern_Essex_vs_Monroe,InternetArchive,https://archive.org/details/btvnj-2_November_Men_s_Basketball_Northern_Essex_vs_Monroe,data/processed/internet_archive_college_sample/basketball/btvnj-2_November_Men_s_Basketball_Northern_Essex_vs_Monroe_1793.54s_5s.mp4,basketball,male,,,,,,,,,,5.006,219026,midpoint_frame_of_5s_clip,unlabeled_review,,
IA:cormi-7th_8th_Grade_Boys_Basketball_-_Almont_Raiders_at_Richmond_Blue_Devils:300-305,IA:cormi-7th_8th_Grade_Boys_Basketball_-_Almont_Raiders_at_Richmond_Blue_Devils,InternetArchive,https://archive.org/details/cormi-7th_8th_Grade_Boys_Basketball_-_Almont_Raiders_at_Richmond_Blue_Devils,data/processed/internet_archive_sample/basketball/cormi-7th_8th_Grade_Boys_Basketball_-_Almont_Raiders_at_Richmond_Blue_Devils_300s_5s.mp4,basketball,male,youth,,,,,,,,,5.0,184464,midpoint_frame_of_5s_clip,unlabeled_review,,
IA:hcectvky-8th_Grade_Boys_Basketball_Championship_-_North_Middle_School_vs_LaRue_Co_Middle_School:1626.73-1631.73,IA:hcectvky-8th_Grade_Boys_Basketball_Championship_-_North_Middle_School_vs_LaRue_Co_Middle_School,InternetArchive,https://archive.org/details/hcectvky-8th_Grade_Boys_Basketball_Championship_-_North_Middle_School_vs_LaRue_Co_Middle_School,data/processed/internet_archive_sample/basketball/hcectvky-8th_Grade_Boys_Basketball_Championship_-_North_Middle_School_vs_LaRue_Co_Middle_School_1626.73s_5s.mp4,basketball,male,youth,,,,,,,,,5.0,356135,midpoint_frame_of_5s_clip,unlabeled_review,,
IA:mapsdwi-11-10-2016_8th_Grade_Girls_Basketball_vs_DC_Everest:300-305,IA:mapsdwi-11-10-2016_8th_Grade_Girls_Basketball_vs_DC_Everest,InternetArchive,https://archive.org/details/mapsdwi-11-10-2016_8th_Grade_Girls_Basketball_vs_DC_Everest,data/processed/internet_archive_sample/basketball/mapsdwi-11-10-2016_8th_Grade_Girls_Basketball_vs_DC_Everest_300s_5s.mp4,basketball,female,youth,,,,,,,,,5.006,153062,midpoint_frame_of_5s_clip,unlabeled_review,,
IA:mapsdwi-11-29-2016_8th_Grade_Boys_Basketball_vs_PJ_Jacobs_Junior_High:300-305,IA:mapsdwi-11-29-2016_8th_Grade_Boys_Basketball_vs_PJ_Jacobs_Junior_High,InternetArchive,https://archive.org/details/mapsdwi-11-29-2016_8th_Grade_Boys_Basketball_vs_PJ_Jacobs_Junior_High,data/processed/internet_archive_sample/basketball/mapsdwi-11-29-2016_8th_Grade_Boys_Basketball_vs_PJ_Jacobs_Junior_High_300s_5s.mp4,basketball,male,youth,,,,,,,,,5.006,210689,midpoint_frame_of_5s_clip,unlabeled_review,,
IA:orcavt-Montpelier_Youth_Sports_-_8th_Grade_Boys_Basketball_1_15_2025:300-305,IA:orcavt-Montpelier_Youth_Sports_-_8th_Grade_Boys_Basketball_1_15_2025,InternetArchive,https://archive.org/details/orcavt-Montpelier_Youth_Sports_-_8th_Grade_Boys_Basketball_1_15_2025,data/processed/internet_archive_sample/basketball/orcavt-Montpelier_Youth_Sports_-_8th_Grade_Boys_Basketball_1_15_2025_300s_5s.mp4,basketball,male,youth,,,,,,,,,5.006,93019,midpoint_frame_of_5s_clip,unlabeled_review,,
IA:pikevky-UPIKE_Women_s_Basketball_vs_Montreat_College_-_February_21_2026:2384.97-2389.97,IA:pikevky-UPIKE_Women_s_Basketball_vs_Montreat_College_-_February_21_2026,InternetArchive,https://archive.org/details/pikevky-UPIKE_Women_s_Basketball_vs_Montreat_College_-_February_21_2026,data/processed/internet_archive_college_sample/basketball/pikevky-UPIKE_Women_s_Basketball_vs_Montreat_College_-_February_21_2026_2384.97s_5s.mp4,basketball,female,,,,,,,,,,5.006,256099,midpoint_frame_of_5s_clip,unlabeled_review,,
MUVS:bull_vs_atlantaHawks_20240417:60-65,MUVS:bull_vs_atlantaHawks_20240417,MUVS,https://storage.googleapis.com/dataset-ugv-sports/public/RAW_DATA/basketball/bull_vs_atlantaHawks_20240417/cam_1/VIDEOS/P5/video.mp4,data/processed/muvs_sample/basketball/bull_vs_atlantaHawks_20240417_60s_5s.mp4,basketball,,,,,,,,,,,5.007,672927,midpoint_frame_of_5s_clip,unlabeled_review,,
MUVS:chicagoSky_vs_seattleStorm_20240528:60-65,MUVS:chicagoSky_vs_seattleStorm_20240528,MUVS,https://storage.googleapis.com/dataset-ugv-sports/public/RAW_DATA/basketball/chicagoSky_vs_seattleStorm_20240528/cam_1/VIDEOS/P3/video.mp4,data/processed/muvs_sample/basketball/chicagoSky_vs_seattleStorm_20240528_60s_5s.mp4,basketball,,,,,,,,,,,5.006,747025,midpoint_frame_of_5s_clip,unlabeled_review,,
MUVS:naperville_fem_youth_match_20240608:60-65,MUVS:naperville_fem_youth_match_20240608,MUVS,https://storage.googleapis.com/dataset-ugv-sports/public/RAW_DATA/basketball/naperville_fem_youth_match_20240608/cam_1/VIDEOS/P11/video.mp4,data/processed/muvs_sample/basketball/naperville_fem_youth_match_20240608_60s_5s.mp4,basketball,female,youth,female,youth,до 18 лет,project_owner_visual_review,2026-09-29,data/processed/muvs_sample/basketball/naperville_fem_youth_match_20240608_60s_5s.mp4,pending,"Пользователь ответил «да»: женский юношеский баскетбол; визуальный просмотр, регламент не проверен",5.01,294788,midpoint_frame_of_5s_clip,unlabeled_review,visual_confirmed,
MUVS:naperville_kids_match_20240608:130-135,MUVS:naperville_kids_match_20240608,MUVS,https://storage.googleapis.com/dataset-ugv-sports/public/RAW_DATA/basketball/naperville_kids_match_20240608/cam_1/VIDEOS/P3/video.mp4,data/processed/muvs_sample/basketball/naperville_kids_match_20240608_130s_5s.mp4,basketball,,youth,male,youth,дети,project_owner_visual_review,2026-09-28,https://storage.googleapis.com/dataset-ugv-sports/public/RAW_DATA/basketball/naperville_kids_match_20240608/cam_1/VIDEOS/P3/video.mp4,pending,"Баскетбол, мужчины, дети; оба возрастных подтипа проекта входят в youth; оценка по видео, регламент не проверен",5.004,427129,midpoint_frame_of_5s_clip,unlabeled_review,visual_confirmed,
MUVS:naperville_little_kids_match_20240608:60-65,MUVS:naperville_little_kids_match_20240608,MUVS,https://storage.googleapis.com/dataset-ugv-sports/public/RAW_DATA/basketball/naperville_little_kids_match_20240608/cam_1/VIDEOS/P3/video.mp4,data/processed/muvs_sample/basketball/naperville_little_kids_match_20240608_60s_5s.mp4,basketball,,youth,,,,,,,,,5.003,334035,midpoint_frame_of_5s_clip,unlabeled_review,,
MUVS:naperville_youth_match_20240608:30-35,MUVS:naperville_youth_match_20240608,MUVS,https://storage.googleapis.com/dataset-ugv-sports/public/RAW_DATA/basketball/naperville_youth_match_20240608/cam_1/VIDEOS/P5/video.mp4,data/processed/muvs_sample/basketball/naperville_youth_match_20240608_30s_5s.mp4,basketball,,youth,male,youth,юноши,project_owner_visual_review,2026-09-28,https://storage.googleapis.com/dataset-ugv-sports/public/RAW_DATA/basketball/naperville_youth_match_20240608/cam_1/VIDEOS/P5/video.mp4,pending,"Баскетбол, мужчины, юноши; возрастная категория проекта youth; оценка по видео, регламент не проверен",5.009,334816,midpoint_frame_of_5s_clip,unlabeled_review,visual_confirmed,
MUVS:naperville_youth_match_20240608:60-65,MUVS:naperville_youth_match_20240608,MUVS,https://storage.googleapis.com/dataset-ugv-sports/public/RAW_DATA/basketball/naperville_youth_match_20240608/cam_1/VIDEOS/P5/video.mp4,data/processed/muvs_sample/basketball/naperville_youth_match_20240608_60s_5s.mp4,basketball,,youth,male,youth,юноши,project_owner_visual_review,2026-09-28,https://storage.googleapis.com/dataset-ugv-sports/public/RAW_DATA/basketball/naperville_youth_match_20240608/cam_1/VIDEOS/P5/video.mp4,pending,"Баскетбол, мужчины, юноши; возрастная категория проекта youth; оценка по видео, регламент не проверен",5.009,436168,midpoint_frame_of_5s_clip,unlabeled_review,visual_confirmed,
MUVS:waukegan_field_house_kenosha_vs_bombSquad_20240615:60-65,MUVS:waukegan_field_house_kenosha_vs_bombSquad_20240615,MUVS,https://storage.googleapis.com/dataset-ugv-sports/public/RAW_DATA/basketball/waukegan_field_house_kenosha_vs_bombSquad_20240615/cam_1/VIDEOS/P3/video.mp4,data/processed/muvs_sample/basketball/waukegan_field_house_kenosha_vs_bombSquad_20240615_60s_5s.mp4,basketball,,,,,,,,,,,5.033,383590,midpoint_frame_of_5s_clip,unlabeled_review,,
MUVS:waukegan_field_house_kids_bucks_vs_rockford_20240615:130-135,MUVS:waukegan_field_house_kids_bucks_vs_rockford_20240615,MUVS,https://storage.googleapis.com/dataset-ugv-sports/public/RAW_DATA/basketball/waukegan_field_house_kids_bucks_vs_rockford_20240615/cam_1/VIDEOS/P3/video.mp4,data/processed/muvs_sample/basketball/waukegan_field_house_kids_bucks_vs_rockford_20240615_130s_5s.mp4,basketball,,youth,,,,,,,,,5.033,565060,midpoint_frame_of_5s_clip,unlabeled_review,,
MUVS:waukegan_field_house_stars_vs_bobcats_20240615:60-65,MUVS:waukegan_field_house_stars_vs_bobcats_20240615,MUVS,https://storage.googleapis.com/dataset-ugv-sports/public/RAW_DATA/basketball/waukegan_field_house_stars_vs_bobcats_20240615/cam_1/VIDEOS/P3/video.mp4,data/processed/muvs_sample/basketball/waukegan_field_house_stars_vs_bobcats_20240615_60s_5s.mp4,basketball,,,,,,,,,,,5.033,241979,midpoint_frame_of_5s_clip,unlabeled_review,,
MUVS:waukegan_field_house_the217_20240615:60-65,MUVS:waukegan_field_house_the217_20240615,MUVS,https://storage.googleapis.com/dataset-ugv-sports/public/RAW_DATA/basketball/waukegan_field_house_the217_20240615/cam_1/VIDEOS/P5/video.mp4,data/processed/muvs_sample/basketball/waukegan_field_house_the217_20240615_60s_5s.mp4,basketball,,,,,,,,,,,5.001,432647,midpoint_frame_of_5s_clip,unlabeled_review,,
MUVS:waukegan_field_house_wave_vs_rebelz_20240615:60-65,MUVS:waukegan_field_house_wave_vs_rebelz_20240615,MUVS,https://storage.googleapis.com/dataset-ugv-sports/public/RAW_DATA/basketball/waukegan_field_house_wave_vs_rebelz_20240615/cam_1/VIDEOS/P2/video.mp4,data/processed/muvs_sample/basketball/waukegan_field_house_wave_vs_rebelz_20240615_60s_5s.mp4,basketball,,,,,,,,,,,5.033,421367,midpoint_frame_of_5s_clip,unlabeled_review,,
MUVS:waukegan_field_house_young_bucks_20240615:60-65,MUVS:waukegan_field_house_young_bucks_20240615,MUVS,https://storage.googleapis.com/dataset-ugv-sports/public/RAW_DATA/basketball/waukegan_field_house_young_bucks_20240615/cam_2/VIDEOS/P4/video.mp4,data/processed/muvs_sample/basketball/waukegan_field_house_young_bucks_20240615_60s_5s.mp4,basketball,,,,,,,,,,,5.008,525391,midpoint_frame_of_5s_clip,unlabeled_review,,
IA:Graham_Middle_School_vs._Ega_8th_grade_Girls_Soccer_2.28.13:300-305,IA:Graham_Middle_School_vs._Ega_8th_grade_Girls_Soccer_2.28.13,InternetArchive,https://archive.org/details/Graham_Middle_School_vs._Ega_8th_grade_Girls_Soccer_2.28.13,data/processed/internet_archive_sample/football/Graham_Middle_School_vs._Ega_8th_grade_Girls_Soccer_2.28.13_300s_5s.mp4,football,female,youth,,,,,,,,,5.006,254480,midpoint_frame_of_5s_clip,unlabeled_review,,
IA:Graham_vs_Hyde_8th_Grade_Girls_Soccer_3.5.13:300-305,IA:Graham_vs_Hyde_8th_Grade_Girls_Soccer_3.5.13,InternetArchive,https://archive.org/details/Graham_vs_Hyde_8th_Grade_Girls_Soccer_3.5.13,data/processed/internet_archive_sample/football/Graham_vs_Hyde_8th_Grade_Girls_Soccer_3.5.13_300s_5s.mp4,football,female,youth,,,,,,,,,5.006,507319,midpoint_frame_of_5s_clip,unlabeled_review,,
IA:MV_Youth_Voices_-_Miller_Mustangs_vs_Graham_Bears_8th_Grade_Girls_Soccer_March_31st_2015:300-305,IA:MV_Youth_Voices_-_Miller_Mustangs_vs_Graham_Bears_8th_Grade_Girls_Soccer_March_31st_2015,InternetArchive,https://archive.org/details/MV_Youth_Voices_-_Miller_Mustangs_vs_Graham_Bears_8th_Grade_Girls_Soccer_March_31st_2015,data/processed/internet_archive_sample/football/MV_Youth_Voices_-_Miller_Mustangs_vs_Graham_Bears_8th_Grade_Girls_Soccer_March_31st_2015_300s_5s.mp4,football,female,youth,,,,,,,,,5.006,256569,midpoint_frame_of_5s_clip,unlabeled_review,,
IA:bcamma-BHS_Boys_Soccer_vs_Walpole_9_15_26_LIVE_at_4pm-optj1EAJpo0:300-305,IA:bcamma-BHS_Boys_Soccer_vs_Walpole_9_15_26_LIVE_at_4pm-optj1EAJpo0,InternetArchive,https://archive.org/details/bcamma-BHS_Boys_Soccer_vs_Walpole_9_15_26_LIVE_at_4pm-optj1EAJpo0,data/processed/internet_archive_sample/football/bcamma-BHS_Boys_Soccer_vs_Walpole_9_15_26_LIVE_at_4pm-optj1EAJpo0_300s_5s.mp4,football,male,,,,,,,,,,5.006,156180,midpoint_frame_of_5s_clip,unlabeled_review,,
IA:bctvnh-BHS_Girls_Soccer_Bedford_vs_Goffstown_9_22_26:2049.48-2054.48,IA:bctvnh-BHS_Girls_Soccer_Bedford_vs_Goffstown_9_22_26,InternetArchive,https://archive.org/details/bctvnh-BHS_Girls_Soccer_Bedford_vs_Goffstown_9_22_26,data/processed/internet_archive_sample/football/bctvnh-BHS_Girls_Soccer_Bedford_vs_Goffstown_9_22_26_2049.48s_5s.mp4,football,female,,,,,,,,,,5.006,84049,midpoint_frame_of_5s_clip,unlabeled_review,,
IA:btvnj-Brookdale_Men_s_Soccer_vs_Camden_College_11_October_2025:1974.3-1979.3,IA:btvnj-Brookdale_Men_s_Soccer_vs_Camden_College_11_October_2025,InternetArchive,https://archive.org/details/btvnj-Brookdale_Men_s_Soccer_vs_Camden_College_11_October_2025,data/processed/internet_archive_college_sample/football/btvnj-Brookdale_Men_s_Soccer_vs_Camden_College_11_October_2025_1974.3s_5s.mp4,football,male,,,,,,,,,,5.006,133255,midpoint_frame_of_5s_clip,unlabeled_review,,
IA:btvnj-Brookdale_Women_s_Soccer_vs_Atlantic_Cape_11_October_2025:1828.7-1833.7,IA:btvnj-Brookdale_Women_s_Soccer_vs_Atlantic_Cape_11_October_2025,InternetArchive,https://archive.org/details/btvnj-Brookdale_Women_s_Soccer_vs_Atlantic_Cape_11_October_2025,data/processed/internet_archive_college_sample/football/btvnj-Brookdale_Women_s_Soccer_vs_Atlantic_Cape_11_October_2025_1828.7s_5s.mp4,football,female,,,,,,,,,,5.006,99459,midpoint_frame_of_5s_clip,unlabeled_review,,
IA:etvmn-Eagan_Boys_Soccer_vs._Prior_Lake-GX0KN5yrffI:300-305,IA:etvmn-Eagan_Boys_Soccer_vs._Prior_Lake-GX0KN5yrffI,InternetArchive,https://archive.org/details/etvmn-Eagan_Boys_Soccer_vs._Prior_Lake-GX0KN5yrffI,data/processed/internet_archive_sample/football/etvmn-Eagan_Boys_Soccer_vs._Prior_Lake-GX0KN5yrffI_300s_5s.mp4,football,male,,,,,,,,,,5.0,191602,midpoint_frame_of_5s_clip,unlabeled_review,,
IA:gbect-10-16-25_Groton_Middle_School_Girls_Soccer_vs_Clark_Lane:1775.38-1780.38,IA:gbect-10-16-25_Groton_Middle_School_Girls_Soccer_vs_Clark_Lane,InternetArchive,https://archive.org/details/gbect-10-16-25_Groton_Middle_School_Girls_Soccer_vs_Clark_Lane,data/processed/internet_archive_middle_school_sample/football/gbect-10-16-25_Groton_Middle_School_Girls_Soccer_vs_Clark_Lane_1775.38s_5s.mp4,football,female,youth,female,youth,до 18 лет,project_owner_visual_review,2026-09-28,data/processed/internet_archive_middle_school_sample/football/gbect-10-16-25_Groton_Middle_School_Girls_Soccer_vs_Clark_Lane_1775.38s_5s.mp4,pending,"Футбол, женщины, до 18 лет; оценка по видео, регламент не проверен",5.0,208163,midpoint_frame_of_5s_clip,unlabeled_review,visual_confirmed,
IA:gbect-10-7-24_Groton_Middle_School_Boys_Soccer_vs._Clark_Lane:300-305,IA:gbect-10-7-24_Groton_Middle_School_Boys_Soccer_vs._Clark_Lane,InternetArchive,https://archive.org/details/gbect-10-7-24_Groton_Middle_School_Boys_Soccer_vs._Clark_Lane,data/processed/internet_archive_middle_school_sample/football/gbect-10-7-24_Groton_Middle_School_Boys_Soccer_vs._Clark_Lane_300s_5s.mp4,football,male,youth,male,youth,до 18 лет,project_owner_visual_review,2026-09-29,data/processed/internet_archive_middle_school_sample/football/gbect-10-7-24_Groton_Middle_School_Boys_Soccer_vs._Clark_Lane_300s_5s.mp4,pending,"Пользователь ответил «да»: футбол мальчиков средней школы; визуальный просмотр, регламент не проверен",5.006,161309,midpoint_frame_of_5s_clip,unlabeled_review,visual_confirmed,
IA:gbect-9-29-25_Groton_Middle_School_Boys_Soccer_vs._Norwich:300-305,IA:gbect-9-29-25_Groton_Middle_School_Boys_Soccer_vs._Norwich,InternetArchive,https://archive.org/details/gbect-9-29-25_Groton_Middle_School_Boys_Soccer_vs._Norwich,data/processed/internet_archive_middle_school_sample/football/gbect-9-29-25_Groton_Middle_School_Boys_Soccer_vs._Norwich_300s_5s.mp4,football,male,youth,,,,,,,,,5.006,243806,midpoint_frame_of_5s_clip,unlabeled_review,,
MUVS:ChicagoFireFC_vs_AtlantaUnited_20240727:60-65,MUVS:ChicagoFireFC_vs_AtlantaUnited_20240727,MUVS,https://storage.googleapis.com/dataset-ugv-sports/public/RAW_DATA/soccer/ChicagoFireFC_vs_AtlantaUnited_20240727/cam_1/VIDEOS/P30/video.mp4,data/processed/muvs_sample/football/ChicagoFireFC_vs_AtlantaUnited_20240727_60s_5s.mp4,football,,,,,,,,,,,5.012,395149,midpoint_frame_of_5s_clip,unlabeled_review,,
MUVS:chicagoFire_vs_charlotteFC_20240515:60-65,MUVS:chicagoFire_vs_charlotteFC_20240515,MUVS,https://storage.googleapis.com/dataset-ugv-sports/public/RAW_DATA/soccer/chicagoFire_vs_charlotteFC_20240515/cam_2/VIDEOS/P4/video.mp4,data/processed/muvs_sample/football/chicagoFire_vs_charlotteFC_20240515_60s_5s.mp4,football,,,,,,,,,,,5.013,547532,midpoint_frame_of_5s_clip,unlabeled_review,,
MUVS:naperville_kids_soccer_match_20240608:130-135,MUVS:naperville_kids_soccer_match_20240608,MUVS,https://storage.googleapis.com/dataset-ugv-sports/public/RAW_DATA/soccer/naperville_kids_soccer_match_20240608/cam_1/VIDEOS/P2/video.mp4,data/processed/muvs_sample/football/naperville_kids_soccer_match_20240608_130s_5s.mp4,football,,youth,male,youth,до 18 лет,project_owner_visual_review,2026-09-29,data/processed/muvs_sample/football/naperville_kids_soccer_match_20240608_130s_5s.mp4,pending,"Пользователь: мальчики до 18 лет; визуальный просмотр, регламент не проверен",5.016,347488,midpoint_frame_of_5s_clip,unlabeled_review,visual_confirmed,
Commons:nafta_bistrica_u17:60-65,Commons:File:U17 - 2. SKL - 21. krog - Nafta 1903 - Kety emmi Bistrica - 2. polčas.webm,WikimediaCommons,https://commons.wikimedia.org/wiki/File:U17_-_2._SKL_-_21._krog_-_Nafta_1903_-_Kety_emmi_Bistrica_-_2._pol%C4%8Das.webm,data/processed/wikimedia_u17_sample/nafta_bistrica_u17_60s_5s.mp4,football,,youth,,,,,,,,,5.0,117365,midpoint_frame_of_5s_clip,unlabeled_review,,
Commons:File:U17 - 2. SKL - 22. krog - Nafta 1903 2-2 Hajdina - 1. polčas - 1-2.webm:60-65,Commons:File:U17 - 2. SKL - 22. krog - Nafta 1903 2-2 Hajdina - 1. polčas - 1-2.webm,WikimediaCommons,https://commons.wikimedia.org/wiki/File:U17_-_2._SKL_-_22._krog_-_Nafta_1903_2-2_Hajdina_-_1._pol%C4%8Das_-_1-2.webm,data/processed/wikimedia_u17_sample/File_U17_-_2._SKL_-_22._krog_-_Nafta_1903_2-2_Hajdina_-_1._pol_as_-_1-2.webm_60s_5s.mp4,football,,youth,,,,,,,,,5.0,197465,midpoint_frame_of_5s_clip,unlabeled_review,,
Commons:File:U17 - 2. SKL - 24. krog - Nafta 1903 0-2 (0-1) Šampion Celje - 1. polčas.webm:60-65,Commons:File:U17 - 2. SKL - 24. krog - Nafta 1903 0-2 (0-1) Šampion Celje - 1. polčas.webm,WikimediaCommons,https://commons.wikimedia.org/wiki/File:U17_-_2._SKL_-_24._krog_-_Nafta_1903_0-2_(0-1)_%C5%A0ampion_Celje_-_1._pol%C4%8Das.webm,data/processed/wikimedia_u17_sample/File_U17_-_2._SKL_-_24._krog_-_Nafta_1903_0-2__0-1___ampion_Celje_-_1._pol_as.webm_60s_5s.mp4,football,,youth,,,,,,,,,5.0,179646,midpoint_frame_of_5s_clip,unlabeled_review,,
IA:bbrtvmev-BRHS_Girls_Tennis_02_-_Boothbay_v_Morse_court_2:300-305,IA:bbrtvmev-BRHS_Girls_Tennis_02_-_Boothbay_v_Morse_court_2,InternetArchive,https://archive.org/details/bbrtvmev-BRHS_Girls_Tennis_02_-_Boothbay_v_Morse_court_2,data/processed/internet_archive_sample/tennis/bbrtvmev-BRHS_Girls_Tennis_02_-_Boothbay_v_Morse_court_2_300s_5s.mp4,tennis,female,youth,female,,до 18 лет,project_owner_visual_review,2026-09-29,data/processed/internet_archive_sample/tennis/bbrtvmev-BRHS_Girls_Tennis_02_-_Boothbay_v_Morse_court_2_300s_5s.mp4,age_rule_spans_18_boundary,"Пользователь: девочки до 18 лет; визуальный просмотр, регламент не проверен; MPA допускает участие 18-летних в школьной категории; age_category оставлена пустой",5.006,45109,midpoint_frame_of_5s_clip,unlabeled_review,visual_ambiguous_event,https://www.mpa.cc/resources/About%20Us/Handbook.pdf
IA:ctncrmn-Boys_Tennis_-_Spring_Lake_Park_at_Coon_Rapids_5.7.26_-_Scott_Storrick_s_last_home_match:2095.41-2100.41,IA:ctncrmn-Boys_Tennis_-_Spring_Lake_Park_at_Coon_Rapids_5.7.26_-_Scott_Storrick_s_last_home_match,InternetArchive,https://archive.org/details/ctncrmn-Boys_Tennis_-_Spring_Lake_Park_at_Coon_Rapids_5.7.26_-_Scott_Storrick_s_last_home_match,data/processed/internet_archive_sample/tennis/ctncrmn-Boys_Tennis_-_Spring_Lake_Park_at_Coon_Rapids_5.7.26_-_Scott_Storrick_s_last_home_match_2095.41s_5s.mp4,tennis,male,youth,male,,предположительно до 18 лет,project_owner_visual_review,2026-09-29,data/processed/internet_archive_sample/tennis/ctncrmn-Boys_Tennis_-_Spring_Lake_Park_at_Coon_Rapids_5.7.26_-_Scott_Storrick_s_last_home_match_2095.41s_5s.mp4,pending,"Пользователь: парни вроде до 18 лет; визуальный просмотр, регламент не проверен",5.006,193056,midpoint_frame_of_5s_clip,unlabeled_review,visual_tentative,
IA:ecatma-OA_Boys_Tennis_vs_Foxboro_1_Singles_5_11_26:1171.09-1176.09,IA:ecatma-OA_Boys_Tennis_vs_Foxboro_1_Singles_5_11_26,InternetArchive,https://archive.org/details/ecatma-OA_Boys_Tennis_vs_Foxboro_1_Singles_5_11_26,data/processed/internet_archive_sample/tennis/ecatma-OA_Boys_Tennis_vs_Foxboro_1_Singles_5_11_26_1171.09s_5s.mp4,tennis,male,youth,male,,предположительно до 18 лет,project_owner_visual_review,2026-09-29,data/processed/internet_archive_sample/tennis/ecatma-OA_Boys_Tennis_vs_Foxboro_1_Singles_5_11_26_1171.09s_5s.mp4,pending,"Пользователь: парни вроде до 18 лет; визуальный просмотр, регламент не проверен",5.006,71997,midpoint_frame_of_5s_clip,unlabeled_review,visual_tentative,
IA:ecatma-OA_Girls_Tennis_vs_Attleboro_2nd_Singles_4_08_26:300-305,IA:ecatma-OA_Girls_Tennis_vs_Attleboro_2nd_Singles_4_08_26,InternetArchive,https://archive.org/details/ecatma-OA_Girls_Tennis_vs_Attleboro_2nd_Singles_4_08_26,data/processed/internet_archive_sample/tennis/ecatma-OA_Girls_Tennis_vs_Attleboro_2nd_Singles_4_08_26_300s_5s.mp4,tennis,female,youth,female,,предположительно до 18 лет,project_owner_visual_review,2026-09-29,data/processed/internet_archive_sample/tennis/ecatma-OA_Girls_Tennis_vs_Attleboro_2nd_Singles_4_08_26_300s_5s.mp4,pending,"Пользователь: девочки вроде до 18 лет; визуальный просмотр, регламент не проверен",5.006,47030,midpoint_frame_of_5s_clip,unlabeled_review,visual_tentative,
IA:monica-puig-pur-vs-angelique-kerber-ger-womens-tennis-singles-final-rio-2016-olympics:300-305,IA:monica-puig-pur-vs-angelique-kerber-ger-womens-tennis-singles-final-rio-2016-olympics,InternetArchive,https://archive.org/details/monica-puig-pur-vs-angelique-kerber-ger-womens-tennis-singles-final-rio-2016-olympics,data/processed/internet_archive_college_sample/tennis/monica-puig-pur-vs-angelique-kerber-ger-womens-tennis-singles-final-rio-2016-olympics_300s_5s.mp4,tennis,female,,,,,,,,,,5.0,43947,midpoint_frame_of_5s_clip,unlabeled_review,,
IA:pegtvvt-Castleton_vs._NVU_Lyndon_-_Men_s_Tennis_-_March_19_2022:99.424-104.424,IA:pegtvvt-Castleton_vs._NVU_Lyndon_-_Men_s_Tennis_-_March_19_2022,InternetArchive,https://archive.org/details/pegtvvt-Castleton_vs._NVU_Lyndon_-_Men_s_Tennis_-_March_19_2022,data/processed/internet_archive_college_sample/tennis/pegtvvt-Castleton_vs._NVU_Lyndon_-_Men_s_Tennis_-_March_19_2022_99.424s_5s.mp4,tennis,male,,,,,,,,,,5.006,77690,midpoint_frame_of_5s_clip,unlabeled_review,,
IA:westcatma-WHS_Sports_-_Girls_Tennis_vs_Agawam_05_27_26:300-305,IA:westcatma-WHS_Sports_-_Girls_Tennis_vs_Agawam_05_27_26,InternetArchive,https://archive.org/details/westcatma-WHS_Sports_-_Girls_Tennis_vs_Agawam_05_27_26,data/processed/internet_archive_sample/tennis/westcatma-WHS_Sports_-_Girls_Tennis_vs_Agawam_05_27_26_300s_5s.mp4,tennis,female,,,,,,,,,,5.006,124521,midpoint_frame_of_5s_clip,unlabeled_review,,
IA:ELHS_Spartans_Boys_Volleyball_vs._Whittier_Tech_Vocational_5_29_26:1155.89-1160.89,IA:ELHS_Spartans_Boys_Volleyball_vs._Whittier_Tech_Vocational_5_29_26,InternetArchive,https://archive.org/details/ELHS_Spartans_Boys_Volleyball_vs._Whittier_Tech_Vocational_5_29_26,data/processed/internet_archive_sample/volleyball/ELHS_Spartans_Boys_Volleyball_vs._Whittier_Tech_Vocational_5_29_26_1155.89s_5s.mp4,volleyball,male,youth,male,,до 18 лет,project_owner_visual_review,2026-09-29,data/processed/internet_archive_sample/volleyball/ELHS_Spartans_Boys_Volleyball_vs._Whittier_Tech_Vocational_5_29_26_1155.89s_5s.mp4,age_rule_spans_18_boundary,"Пользователь: мальчики до 18 лет; визуальный просмотр, регламент не проверен; MIAA допускает участие 18-летних в школьной категории; age_category оставлена пустой",5.006,141447,midpoint_frame_of_5s_clip,unlabeled_review,visual_ambiguous_event,https://www.miaa.net/sites/default/files/2025-06/miaa-handbook-25-27.pdf
IA:WCT15998:300-305,IA:WCT15998,InternetArchive,https://archive.org/details/WCT15998,data/processed/internet_archive_sample/volleyball/WCT15998_300s_5s.mp4,volleyball,female,youth,,,,,,,,,5.005,300768,midpoint_frame_of_5s_clip,unlabeled_review,,
IA:WCT16071:300-305,IA:WCT16071,InternetArchive,https://archive.org/details/WCT16071,data/processed/internet_archive_sample/volleyball/WCT16071_300s_5s.mp4,volleyball,female,youth,,,,,,,,,5.005,297141,midpoint_frame_of_5s_clip,unlabeled_review,,
IA:btvnj-Brookdale_Men_s_Volleyball_vs_Nassau_Community_College_25_February_2026:2567.97-2572.97,IA:btvnj-Brookdale_Men_s_Volleyball_vs_Nassau_Community_College_25_February_2026,InternetArchive,https://archive.org/details/btvnj-Brookdale_Men_s_Volleyball_vs_Nassau_Community_College_25_February_2026,data/processed/internet_archive_college_sample/volleyball/btvnj-Brookdale_Men_s_Volleyball_vs_Nassau_Community_College_25_February_2026_2567.97s_5s.mp4,volleyball,male,,,,,,,,,,5.006,129385,midpoint_frame_of_5s_clip,unlabeled_review,,
IA:ctv11co-CSU_Women_s_Volleyball_vs_Nevada:189.375-194.375,IA:ctv11co-CSU_Women_s_Volleyball_vs_Nevada,InternetArchive,https://archive.org/details/ctv11co-CSU_Women_s_Volleyball_vs_Nevada,data/processed/internet_archive_college_sample/volleyball/ctv11co-CSU_Women_s_Volleyball_vs_Nevada_189.375s_5s.mp4,volleyball,female,,,,,,,,,,5.005,516277,midpoint_frame_of_5s_clip,unlabeled_review,,
IA:hcectvky-8th_Grade_Girls_Volleyball_Championship_-_March_25_2021:300-305,IA:hcectvky-8th_Grade_Girls_Volleyball_Championship_-_March_25_2021,InternetArchive,https://archive.org/details/hcectvky-8th_Grade_Girls_Volleyball_Championship_-_March_25_2021,data/processed/internet_archive_sample/volleyball/hcectvky-8th_Grade_Girls_Volleyball_Championship_-_March_25_2021_300s_5s.mp4,volleyball,female,youth,female,youth,до 18 лет,project_owner_visual_review,2026-09-29,data/processed/internet_archive_sample/volleyball/hcectvky-8th_Grade_Girls_Volleyball_Championship_-_March_25_2021_300s_5s.mp4,pending,"Пользователь: всё верно, волейбол девочек 8-го класса; визуальный просмотр, регламент не проверен",5.006,193756,midpoint_frame_of_5s_clip,unlabeled_review,visual_confirmed,
IA:whctvct-Boys_Volleyball_Class_M_Quarterfinal_4_Hall_vs_5_Darien_-_June_4_2026:300-305,IA:whctvct-Boys_Volleyball_Class_M_Quarterfinal_4_Hall_vs_5_Darien_-_June_4_2026,InternetArchive,https://archive.org/details/whctvct-Boys_Volleyball_Class_M_Quarterfinal_4_Hall_vs_5_Darien_-_June_4_2026,data/processed/internet_archive_sample/volleyball/whctvct-Boys_Volleyball_Class_M_Quarterfinal_4_Hall_vs_5_Darien_-_June_4_2026_300s_5s.mp4,volleyball,male,youth,male,,до 18 лет,project_owner_visual_review,2026-09-29,data/processed/internet_archive_sample/volleyball/whctvct-Boys_Volleyball_Class_M_Quarterfinal_4_Hall_vs_5_Darien_-_June_4_2026_300s_5s.mp4,age_rule_spans_18_boundary,"Пользователь: мальчики до 18 лет; визуальный просмотр, регламент не проверен; CIAC допускает участие 18-летних в школьной категории; age_category оставлена пустой",5.0,64546,midpoint_frame_of_5s_clip,unlabeled_review,visual_ambiguous_event,https://ciac.fpsports.org/resources/Resources/Handbook.pdf
MUVS:loyola_vs_mckendree_20240413:P21:cam_3:100-105,MUVS:loyola_vs_mckendree_20240413,MUVS,https://storage.googleapis.com/dataset-ugv-sports/public/RAW_DATA/volleyball/loyola_vs_mckendree_20240413/cam_3/VIDEOS/P21/video.mp4,data/processed/muvs_sample/volleyball/loyola_vs_mckendree_20240413_P21_cam_3_100s_5s.mp4,volleyball,,,,,,,,,,,5.017,261618,midpoint_frame_of_5s_clip,unlabeled_review,,
