event_group_id,sport_label,event_gender,age_category,age_detail_raw,evidence_url,reviewed_at,annotation_source,review_note,age_candidate,age_review_status,official_event_status,age_rule_url
MUVS:naperville_kids_match_20240608,basketball,male,youth,дети,https://storage.googleapis.com/dataset-ugv-sports/public/RAW_DATA/basketball/naperville_kids_match_20240608/cam_1/VIDEOS/P3/video.mp4,2026-09-28,project_owner_visual_review,"Баскетбол, мужчины, дети; оба возрастных подтипа проекта входят в youth; оценка по видео, регламент не проверен",,visual_confirmed,pending,
MUVS:naperville_youth_match_20240608,basketball,male,youth,юноши,https://storage.googleapis.com/dataset-ugv-sports/public/RAW_DATA/basketball/naperville_youth_match_20240608/cam_1/VIDEOS/P5/video.mp4,2026-09-28,project_owner_visual_review,"Баскетбол, мужчины, юноши; возрастная категория проекта youth; оценка по видео, регламент не проверен",,visual_confirmed,pending,
IA:gbect-10-16-25_Groton_Middle_School_Girls_Soccer_vs_Clark_Lane,football,female,youth,до 18 лет,data/processed/internet_archive_middle_school_sample/football/gbect-10-16-25_Groton_Middle_School_Girls_Soccer_vs_Clark_Lane_1775.38s_5s.mp4,2026-09-28,project_owner_visual_review,"Футбол, женщины, до 18 лет; оценка по видео, регламент не проверен",,visual_confirmed,pending,
MUVS:naperville_fem_youth_match_20240608,basketball,female,youth,до 18 лет,data/processed/muvs_sample/basketball/naperville_fem_youth_match_20240608_60s_5s.mp4,2026-09-29,project_owner_visual_review,"Пользователь ответил «да»: женский юношеский баскетбол; визуальный просмотр, регламент не проверен",,visual_confirmed,pending,
IA:NMS_vs._Batavia_8th_Grade_Girls_Basketball_2017,basketball,female,youth,до 18 лет,data/processed/internet_archive_sample/basketball/NMS_vs._Batavia_8th_Grade_Girls_Basketball_2017_300s_5s.mp4,2026-09-29,project_owner_visual_review,"Пользователь ответил «да»: баскетбол девочек 8-го класса; визуальный просмотр, регламент не проверен",,visual_confirmed,pending,
IA:gbect-10-7-24_Groton_Middle_School_Boys_Soccer_vs._Clark_Lane,football,male,youth,до 18 лет,data/processed/internet_archive_middle_school_sample/football/gbect-10-7-24_Groton_Middle_School_Boys_Soccer_vs._Clark_Lane_300s_5s.mp4,2026-09-29,project_owner_visual_review,"Пользователь ответил «да»: футбол мальчиков средней школы; визуальный просмотр, регламент не проверен",,visual_confirmed,pending,
MUVS:naperville_kids_soccer_match_20240608,football,male,youth,до 18 лет,data/processed/muvs_sample/football/naperville_kids_soccer_match_20240608_130s_5s.mp4,2026-09-29,project_owner_visual_review,"Пользователь: мальчики до 18 лет; визуальный просмотр, регламент не проверен",,visual_confirmed,pending,
IA:hcectvky-8th_Grade_Girls_Volleyball_Championship_-_March_25_2021,volleyball,female,youth,до 18 лет,data/processed/internet_archive_sample/volleyball/hcectvky-8th_Grade_Girls_Volleyball_Championship_-_March_25_2021_300s_5s.mp4,2026-09-29,project_owner_visual_review,"Пользователь: всё верно, волейбол девочек 8-го класса; визуальный просмотр, регламент не проверен",,visual_confirmed,pending,
IA:ELHS_Spartans_Boys_Volleyball_vs._Whittier_Tech_Vocational_5_29_26,volleyball,male,,до 18 лет,data/processed/internet_archive_sample/volleyball/ELHS_Spartans_Boys_Volleyball_vs._Whittier_Tech_Vocational_5_29_26_1155.89s_5s.mp4,2026-09-29,project_owner_visual_review,"Пользователь: мальчики до 18 лет; визуальный просмотр, регламент не проверен; MIAA допускает участие 18-летних в школьной категории; age_category оставлена пустой",youth,visual_ambiguous_event,age_rule_spans_18_boundary,https://www.miaa.net/sites/default/files/2025-06/miaa-handbook-25-27.pdf
IA:whctvct-Boys_Volleyball_Class_M_Quarterfinal_4_Hall_vs_5_Darien_-_June_4_2026,volleyball,male,,до 18 лет,data/processed/internet_archive_sample/volleyball/whctvct-Boys_Volleyball_Class_M_Quarterfinal_4_Hall_vs_5_Darien_-_June_4_2026_300s_5s.mp4,2026-09-29,project_owner_visual_review,"Пользователь: мальчики до 18 лет; визуальный просмотр, регламент не проверен; CIAC допускает участие 18-летних в школьной категории; age_category оставлена пустой",youth,visual_ambiguous_event,age_rule_spans_18_boundary,https://ciac.fpsports.org/resources/Resources/Handbook.pdf
IA:bbrtvmev-BRHS_Girls_Tennis_02_-_Boothbay_v_Morse_court_2,tennis,female,,до 18 лет,data/processed/internet_archive_sample/tennis/bbrtvmev-BRHS_Girls_Tennis_02_-_Boothbay_v_Morse_court_2_300s_5s.mp4,2026-09-29,project_owner_visual_review,"Пользователь: девочки до 18 лет; визуальный просмотр, регламент не проверен; MPA допускает участие 18-летних в школьной категории; age_category оставлена пустой",youth,visual_ambiguous_event,age_rule_spans_18_boundary,https://www.mpa.cc/resources/About%20Us/Handbook.pdf
IA:ecatma-OA_Girls_Tennis_vs_Attleboro_2nd_Singles_4_08_26,tennis,female,,предположительно до 18 лет,data/processed/internet_archive_sample/tennis/ecatma-OA_Girls_Tennis_vs_Attleboro_2nd_Singles_4_08_26_300s_5s.mp4,2026-09-29,project_owner_visual_review,"Пользователь: девочки вроде до 18 лет; визуальный просмотр, регламент не проверен",youth,visual_tentative,pending,
IA:ecatma-OA_Boys_Tennis_vs_Foxboro_1_Singles_5_11_26,tennis,male,,предположительно до 18 лет,data/processed/internet_archive_sample/tennis/ecatma-OA_Boys_Tennis_vs_Foxboro_1_Singles_5_11_26_1171.09s_5s.mp4,2026-09-29,project_owner_visual_review,"Пользователь: парни вроде до 18 лет; визуальный просмотр, регламент не проверен",youth,visual_tentative,pending,
IA:ctncrmn-Boys_Tennis_-_Spring_Lake_Park_at_Coon_Rapids_5.7.26_-_Scott_Storrick_s_last_home_match,tennis,male,,предположительно до 18 лет,data/processed/internet_archive_sample/tennis/ctncrmn-Boys_Tennis_-_Spring_Lake_Park_at_Coon_Rapids_5.7.26_-_Scott_Storrick_s_last_home_match_2095.41s_5s.mp4,2026-09-29,project_owner_visual_review,"Пользователь: парни вроде до 18 лет; визуальный просмотр, регламент не проверен",youth,visual_tentative,pending,
