event_group_id,source_dataset,source_url,title,description,sport_label,candidate_gender,candidate_age,clip_count,sample_path,gender_category,age_category,gender_evidence_url,age_evidence_url,review_status,age_detail_raw,label_source,reviewed_at,video_evidence_url,official_event_status,review_note,age_review_status,age_rule_url
MUVS:naperville_kids_match_20240608,MUVS,https://storage.googleapis.com/dataset-ugv-sports/public/RAW_DATA/basketball/naperville_kids_match_20240608/cam_1/VIDEOS/P3/video.mp4,naperville kids match 20240608,,basketball,,youth,1,data/processed/muvs_sample/basketball/naperville_kids_match_20240608_130s_5s.mp4,male,youth,https://storage.googleapis.com/dataset-ugv-sports/public/RAW_DATA/basketball/naperville_kids_match_20240608/cam_1/VIDEOS/P3/video.mp4,https://storage.googleapis.com/dataset-ugv-sports/public/RAW_DATA/basketball/naperville_kids_match_20240608/cam_1/VIDEOS/P3/video.mp4,owner_video_reviewed,дети,project_owner_visual_review,2026-09-28,https://storage.googleapis.com/dataset-ugv-sports/public/RAW_DATA/basketball/naperville_kids_match_20240608/cam_1/VIDEOS/P3/video.mp4,pending,"Баскетбол, мужчины, дети; оба возрастных подтипа проекта входят в youth; оценка по видео, регламент не проверен",visual_confirmed,
MUVS:naperville_little_kids_match_20240608,MUVS,https://storage.googleapis.com/dataset-ugv-sports/public/RAW_DATA/basketball/naperville_little_kids_match_20240608/cam_1/VIDEOS/P3/video.mp4,naperville little kids match 20240608,,basketball,,youth,1,data/processed/muvs_sample/basketball/naperville_little_kids_match_20240608_60s_5s.mp4,,,,,needs_event_evidence,,,,,,,,
MUVS:naperville_youth_match_20240608,MUVS,https://storage.googleapis.com/dataset-ugv-sports/public/RAW_DATA/basketball/naperville_youth_match_20240608/cam_1/VIDEOS/P5/video.mp4,naperville youth match 20240608,,basketball,,youth,2,data/processed/muvs_sample/basketball/naperville_youth_match_20240608_30s_5s.mp4,male,youth,https://storage.googleapis.com/dataset-ugv-sports/public/RAW_DATA/basketball/naperville_youth_match_20240608/cam_1/VIDEOS/P5/video.mp4,https://storage.googleapis.com/dataset-ugv-sports/public/RAW_DATA/basketball/naperville_youth_match_20240608/cam_1/VIDEOS/P5/video.mp4,owner_video_reviewed,юноши,project_owner_visual_review,2026-09-28,https://storage.googleapis.com/dataset-ugv-sports/public/RAW_DATA/basketball/naperville_youth_match_20240608/cam_1/VIDEOS/P5/video.mp4,pending,"Баскетбол, мужчины, юноши; возрастная категория проекта youth; оценка по видео, регламент не проверен",visual_confirmed,
MUVS:waukegan_field_house_kids_bucks_vs_rockford_20240615,MUVS,https://storage.googleapis.com/dataset-ugv-sports/public/RAW_DATA/basketball/waukegan_field_house_kids_bucks_vs_rockford_20240615/cam_1/VIDEOS/P3/video.mp4,waukegan field house kids bucks vs rockford 20240615,,basketball,,youth,1,data/processed/muvs_sample/basketball/waukegan_field_house_kids_bucks_vs_rockford_20240615_130s_5s.mp4,,,,,needs_event_evidence,,,,,,,,
IA:NMS_vs._Batavia_8th_Grade_Girls_Basketball_2017,InternetArchive,https://archive.org/details/NMS_vs._Batavia_8th_Grade_Girls_Basketball_2017,NMS vs. Batavia 8th Grade Girls Basketball 2017,,basketball,female,youth,1,data/processed/internet_archive_sample/basketball/NMS_vs._Batavia_8th_Grade_Girls_Basketball_2017_300s_5s.mp4,female,youth,data/processed/internet_archive_sample/basketball/NMS_vs._Batavia_8th_Grade_Girls_Basketball_2017_300s_5s.mp4,data/processed/internet_archive_sample/basketball/NMS_vs._Batavia_8th_Grade_Girls_Basketball_2017_300s_5s.mp4,owner_video_reviewed,до 18 лет,project_owner_visual_review,2026-09-29,data/processed/internet_archive_sample/basketball/NMS_vs._Batavia_8th_Grade_Girls_Basketball_2017_300s_5s.mp4,pending,"Пользователь ответил «да»: баскетбол девочек 8-го класса; визуальный просмотр, регламент не проверен",visual_confirmed,
IA:mapsdwi-11-10-2016_8th_Grade_Girls_Basketball_vs_DC_Everest,InternetArchive,https://archive.org/details/mapsdwi-11-10-2016_8th_Grade_Girls_Basketball_vs_DC_Everest,11-10-2016 8th Grade Girls Basketball vs DC Everest,,basketball,female,youth,1,data/processed/internet_archive_sample/basketball/mapsdwi-11-10-2016_8th_Grade_Girls_Basketball_vs_DC_Everest_300s_5s.mp4,,,,,needs_event_evidence,,,,,,,,
MUVS:naperville_fem_youth_match_20240608,MUVS,https://storage.googleapis.com/dataset-ugv-sports/public/RAW_DATA/basketball/naperville_fem_youth_match_20240608/cam_1/VIDEOS/P11/video.mp4,naperville fem youth match 20240608,,basketball,female,youth,1,data/processed/muvs_sample/basketball/naperville_fem_youth_match_20240608_60s_5s.mp4,female,youth,data/processed/muvs_sample/basketball/naperville_fem_youth_match_20240608_60s_5s.mp4,data/processed/muvs_sample/basketball/naperville_fem_youth_match_20240608_60s_5s.mp4,owner_video_reviewed,до 18 лет,project_owner_visual_review,2026-09-29,data/processed/muvs_sample/basketball/naperville_fem_youth_match_20240608_60s_5s.mp4,pending,"Пользователь ответил «да»: женский юношеский баскетбол; визуальный просмотр, регламент не проверен",visual_confirmed,
IA:cormi-7th_8th_Grade_Boys_Basketball_-_Almont_Raiders_at_Richmond_Blue_Devils,InternetArchive,https://archive.org/details/cormi-7th_8th_Grade_Boys_Basketball_-_Almont_Raiders_at_Richmond_Blue_Devils,7th & 8th Grade Boys Basketball - Almont Raiders at Richmond Blue Devils,"7th & 8th Grade Boys Basketball<br />7th Grade Start: 4:30pm<br />8th Grade Start: 6pm<br />Yale Bulldogs at Richmond Blue Devils<br />Richmond, MI<br />Richmond TV<br /><br />Richmond Community Schools Athletics Website:<br />https://www.rhsbluedevils.com<br /><br />Richmond Community Schools Website:<br />https://www.richmond.k12.mi.us<br /><br />City of Richmond Website:<br />https://www.cityofrichmond.net",basketball,male,youth,1,data/processed/internet_archive_sample/basketball/cormi-7th_8th_Grade_Boys_Basketball_-_Almont_Raiders_at_Richmond_Blue_Devils_300s_5s.mp4,,,,,needs_event_evidence,,,,,,,,
IA:hcectvky-8th_Grade_Boys_Basketball_Championship_-_North_Middle_School_vs_LaRue_Co_Middle_School,InternetArchive,https://archive.org/details/hcectvky-8th_Grade_Boys_Basketball_Championship_-_North_Middle_School_vs_LaRue_Co_Middle_School,8th Grade Boys Basketball Championship - North Middle School vs LaRue Co Middle School,,basketball,male,youth,1,data/processed/internet_archive_sample/basketball/hcectvky-8th_Grade_Boys_Basketball_Championship_-_North_Middle_School_vs_LaRue_Co_Middle_School_1626.73s_5s.mp4,,,,,needs_event_evidence,,,,,,,,
IA:mapsdwi-11-29-2016_8th_Grade_Boys_Basketball_vs_PJ_Jacobs_Junior_High,InternetArchive,https://archive.org/details/mapsdwi-11-29-2016_8th_Grade_Boys_Basketball_vs_PJ_Jacobs_Junior_High,11-29-2016 8th Grade Boys Basketball vs PJ Jacobs Junior High,,basketball,male,youth,1,data/processed/internet_archive_sample/basketball/mapsdwi-11-29-2016_8th_Grade_Boys_Basketball_vs_PJ_Jacobs_Junior_High_300s_5s.mp4,,,,,needs_event_evidence,,,,,,,,
IA:orcavt-Montpelier_Youth_Sports_-_8th_Grade_Boys_Basketball_1_15_2025,InternetArchive,https://archive.org/details/orcavt-Montpelier_Youth_Sports_-_8th_Grade_Boys_Basketball_1_15_2025,Montpelier Youth Sports - 8th Grade Boys Basketball 1/15/2025,,basketball,male,youth,1,data/processed/internet_archive_sample/basketball/orcavt-Montpelier_Youth_Sports_-_8th_Grade_Boys_Basketball_1_15_2025_300s_5s.mp4,,,,,needs_event_evidence,,,,,,,,
Commons:File:U17 - 2. SKL - 21. krog - Nafta 1903 - Kety emmi Bistrica - 2. polčas.webm,WikimediaCommons,https://commons.wikimedia.org/wiki/File:U17_-_2._SKL_-_21._krog_-_Nafta_1903_-_Kety_emmi_Bistrica_-_2._pol%C4%8Das.webm,File:U17 - 2. SKL - 21. krog - Nafta 1903 - Kety emmi Bistrica - 2. polčas.webm,,football,,youth,1,data/processed/wikimedia_u17_sample/nafta_bistrica_u17_60s_5s.mp4,,,,,needs_event_evidence,,,,,,,,
Commons:File:U17 - 2. SKL - 22. krog - Nafta 1903 2-2 Hajdina - 1. polčas - 1-2.webm,WikimediaCommons,https://commons.wikimedia.org/wiki/File:U17_-_2._SKL_-_22._krog_-_Nafta_1903_2-2_Hajdina_-_1._pol%C4%8Das_-_1-2.webm,File:U17 - 2. SKL - 22. krog - Nafta 1903 2-2 Hajdina - 1. polčas - 1-2.webm,,football,,youth,1,data/processed/wikimedia_u17_sample/File_U17_-_2._SKL_-_22._krog_-_Nafta_1903_2-2_Hajdina_-_1._pol_as_-_1-2.webm_60s_5s.mp4,,,,,needs_event_evidence,,,,,,,,
Commons:File:U17 - 2. SKL - 24. krog - Nafta 1903 0-2 (0-1) Šampion Celje - 1. polčas.webm,WikimediaCommons,https://commons.wikimedia.org/wiki/File:U17_-_2._SKL_-_24._krog_-_Nafta_1903_0-2_(0-1)_%C5%A0ampion_Celje_-_1._pol%C4%8Das.webm,File:U17 - 2. SKL - 24. krog - Nafta 1903 0-2 (0-1) Šampion Celje - 1. polčas.webm,,football,,youth,1,data/processed/wikimedia_u17_sample/File_U17_-_2._SKL_-_24._krog_-_Nafta_1903_0-2__0-1___ampion_Celje_-_1._pol_as.webm_60s_5s.mp4,,,,,needs_event_evidence,,,,,,,,
MUVS:naperville_kids_soccer_match_20240608,MUVS,https://storage.googleapis.com/dataset-ugv-sports/public/RAW_DATA/soccer/naperville_kids_soccer_match_20240608/cam_1/VIDEOS/P2/video.mp4,naperville kids soccer match 20240608,,football,,youth,1,data/processed/muvs_sample/football/naperville_kids_soccer_match_20240608_130s_5s.mp4,male,youth,data/processed/muvs_sample/football/naperville_kids_soccer_match_20240608_130s_5s.mp4,data/processed/muvs_sample/football/naperville_kids_soccer_match_20240608_130s_5s.mp4,owner_video_reviewed,до 18 лет,project_owner_visual_review,2026-09-29,data/processed/muvs_sample/football/naperville_kids_soccer_match_20240608_130s_5s.mp4,pending,"Пользователь: мальчики до 18 лет; визуальный просмотр, регламент не проверен",visual_confirmed,
IA:Graham_Middle_School_vs._Ega_8th_grade_Girls_Soccer_2.28.13,InternetArchive,https://archive.org/details/Graham_Middle_School_vs._Ega_8th_grade_Girls_Soccer_2.28.13,Graham Middle School vs. Ega 8th grade Girls Soccer 2.28.13,"Graham Middle School vs. Egan Middle School girls soccer of February 28, 2013",football,female,youth,1,data/processed/internet_archive_sample/football/Graham_Middle_School_vs._Ega_8th_grade_Girls_Soccer_2.28.13_300s_5s.mp4,,,,,needs_event_evidence,,,,,,,,
IA:Graham_vs_Hyde_8th_Grade_Girls_Soccer_3.5.13,InternetArchive,https://archive.org/details/Graham_vs_Hyde_8th_Grade_Girls_Soccer_3.5.13,Graham vs Hyde 8th Grade Girls Soccer 3.5.13,Graham vs Hyde 8th Grade Soccer of 3-5-2013,football,female,youth,1,data/processed/internet_archive_sample/football/Graham_vs_Hyde_8th_Grade_Girls_Soccer_3.5.13_300s_5s.mp4,,,,,needs_event_evidence,,,,,,,,
IA:MV_Youth_Voices_-_Miller_Mustangs_vs_Graham_Bears_8th_Grade_Girls_Soccer_March_31st_2015,InternetArchive,https://archive.org/details/MV_Youth_Voices_-_Miller_Mustangs_vs_Graham_Bears_8th_Grade_Girls_Soccer_March_31st_2015,"MV Youth Voices - Miller Mustangs vs Graham Bears 8th Grade Girls Soccer  March 31st, 2015","Miller Mustangs vs Graham Bears 7th/8th Grade Girls Soccer  March 31st, 2015. This program was aired on KMVT15 Community Media.",football,female,youth,1,data/processed/internet_archive_sample/football/MV_Youth_Voices_-_Miller_Mustangs_vs_Graham_Bears_8th_Grade_Girls_Soccer_March_31st_2015_300s_5s.mp4,,,,,needs_event_evidence,,,,,,,,
IA:gbect-10-16-25_Groton_Middle_School_Girls_Soccer_vs_Clark_Lane,InternetArchive,https://archive.org/details/gbect-10-16-25_Groton_Middle_School_Girls_Soccer_vs_Clark_Lane,10-16-25 Groton Middle School Girls Soccer vs Clark Lane,"Some copyrighted music may be blocked. To request the uncut version of any video, please reach out to our email:<br /><br />gps19@groton.k12.ct.us<br /><br />Within your request, be sure to include the link to the video, or provide its full title.",football,female,youth,1,data/processed/internet_archive_middle_school_sample/football/gbect-10-16-25_Groton_Middle_School_Girls_Soccer_vs_Clark_Lane_1775.38s_5s.mp4,female,youth,data/processed/internet_archive_middle_school_sample/football/gbect-10-16-25_Groton_Middle_School_Girls_Soccer_vs_Clark_Lane_1775.38s_5s.mp4,data/processed/internet_archive_middle_school_sample/football/gbect-10-16-25_Groton_Middle_School_Girls_Soccer_vs_Clark_Lane_1775.38s_5s.mp4,owner_video_reviewed,до 18 лет,project_owner_visual_review,2026-09-28,data/processed/internet_archive_middle_school_sample/football/gbect-10-16-25_Groton_Middle_School_Girls_Soccer_vs_Clark_Lane_1775.38s_5s.mp4,pending,"Футбол, женщины, до 18 лет; оценка по видео, регламент не проверен",visual_confirmed,
IA:gbect-10-7-24_Groton_Middle_School_Boys_Soccer_vs._Clark_Lane,InternetArchive,https://archive.org/details/gbect-10-7-24_Groton_Middle_School_Boys_Soccer_vs._Clark_Lane,10-7-24 Groton Middle School Boys Soccer vs. Clark Lane,"Some copyrighted music may be blocked. To request the uncut version of any video, please reach out to our email:<br /><br />gps19@groton.k12.ct.us<br /><br />Within your request, be sure to include the link to the video, or provide its full title.",football,male,youth,1,data/processed/internet_archive_middle_school_sample/football/gbect-10-7-24_Groton_Middle_School_Boys_Soccer_vs._Clark_Lane_300s_5s.mp4,male,youth,data/processed/internet_archive_middle_school_sample/football/gbect-10-7-24_Groton_Middle_School_Boys_Soccer_vs._Clark_Lane_300s_5s.mp4,data/processed/internet_archive_middle_school_sample/football/gbect-10-7-24_Groton_Middle_School_Boys_Soccer_vs._Clark_Lane_300s_5s.mp4,owner_video_reviewed,до 18 лет,project_owner_visual_review,2026-09-29,data/processed/internet_archive_middle_school_sample/football/gbect-10-7-24_Groton_Middle_School_Boys_Soccer_vs._Clark_Lane_300s_5s.mp4,pending,"Пользователь ответил «да»: футбол мальчиков средней школы; визуальный просмотр, регламент не проверен",visual_confirmed,
IA:gbect-9-29-25_Groton_Middle_School_Boys_Soccer_vs._Norwich,InternetArchive,https://archive.org/details/gbect-9-29-25_Groton_Middle_School_Boys_Soccer_vs._Norwich,9-29-25 Groton Middle School Boys Soccer vs. Norwich,"Some copyrighted music may be blocked. To request the uncut version of any video, please reach out to our email:<br /><br />gps19@groton.k12.ct.us<br /><br />Within your request, be sure to include the link to the video, or provide its full title.",football,male,youth,1,data/processed/internet_archive_middle_school_sample/football/gbect-9-29-25_Groton_Middle_School_Boys_Soccer_vs._Norwich_300s_5s.mp4,,,,,needs_event_evidence,,,,,,,,
IA:WCT15998,InternetArchive,https://archive.org/details/WCT15998,Indian Hill vs. Finneytown Middle School 8th Grade Girls Volleyball,,volleyball,female,youth,1,data/processed/internet_archive_sample/volleyball/WCT15998_300s_5s.mp4,,,,,needs_event_evidence,,,,,,,,
IA:WCT16071,InternetArchive,https://archive.org/details/WCT16071,Finneytown vs. Wyoming 8th Grade Girls Volleyball,,volleyball,female,youth,1,data/processed/internet_archive_sample/volleyball/WCT16071_300s_5s.mp4,,,,,needs_event_evidence,,,,,,,,
IA:hcectvky-8th_Grade_Girls_Volleyball_Championship_-_March_25_2021,InternetArchive,https://archive.org/details/hcectvky-8th_Grade_Girls_Volleyball_Championship_-_March_25_2021,"8th Grade Girls Volleyball Championship - March 25, 2021",West Hardin vs. East Hardin!,volleyball,female,youth,1,data/processed/internet_archive_sample/volleyball/hcectvky-8th_Grade_Girls_Volleyball_Championship_-_March_25_2021_300s_5s.mp4,female,youth,data/processed/internet_archive_sample/volleyball/hcectvky-8th_Grade_Girls_Volleyball_Championship_-_March_25_2021_300s_5s.mp4,data/processed/internet_archive_sample/volleyball/hcectvky-8th_Grade_Girls_Volleyball_Championship_-_March_25_2021_300s_5s.mp4,owner_video_reviewed,до 18 лет,project_owner_visual_review,2026-09-29,data/processed/internet_archive_sample/volleyball/hcectvky-8th_Grade_Girls_Volleyball_Championship_-_March_25_2021_300s_5s.mp4,pending,"Пользователь: всё верно, волейбол девочек 8-го класса; визуальный просмотр, регламент не проверен",visual_confirmed,
MUVS:bull_vs_atlantaHawks_20240417,MUVS,https://storage.googleapis.com/dataset-ugv-sports/public/RAW_DATA/basketball/bull_vs_atlantaHawks_20240417/cam_1/VIDEOS/P5/video.mp4,bull vs atlantaHawks 20240417,,basketball,,,1,data/processed/muvs_sample/basketball/bull_vs_atlantaHawks_20240417_60s_5s.mp4,,,,,needs_event_evidence,,,,,,,,
MUVS:chicagoSky_vs_seattleStorm_20240528,MUVS,https://storage.googleapis.com/dataset-ugv-sports/public/RAW_DATA/basketball/chicagoSky_vs_seattleStorm_20240528/cam_1/VIDEOS/P3/video.mp4,chicagoSky vs seattleStorm 20240528,,basketball,,,1,data/processed/muvs_sample/basketball/chicagoSky_vs_seattleStorm_20240528_60s_5s.mp4,,,,,needs_event_evidence,,,,,,,,
MUVS:waukegan_field_house_kenosha_vs_bombSquad_20240615,MUVS,https://storage.googleapis.com/dataset-ugv-sports/public/RAW_DATA/basketball/waukegan_field_house_kenosha_vs_bombSquad_20240615/cam_1/VIDEOS/P3/video.mp4,waukegan field house kenosha vs bombSquad 20240615,,basketball,,,1,data/processed/muvs_sample/basketball/waukegan_field_house_kenosha_vs_bombSquad_20240615_60s_5s.mp4,,,,,needs_event_evidence,,,,,,,,
MUVS:waukegan_field_house_stars_vs_bobcats_20240615,MUVS,https://storage.googleapis.com/dataset-ugv-sports/public/RAW_DATA/basketball/waukegan_field_house_stars_vs_bobcats_20240615/cam_1/VIDEOS/P3/video.mp4,waukegan field house stars vs bobcats 20240615,,basketball,,,1,data/processed/muvs_sample/basketball/waukegan_field_house_stars_vs_bobcats_20240615_60s_5s.mp4,,,,,needs_event_evidence,,,,,,,,
MUVS:waukegan_field_house_the217_20240615,MUVS,https://storage.googleapis.com/dataset-ugv-sports/public/RAW_DATA/basketball/waukegan_field_house_the217_20240615/cam_1/VIDEOS/P5/video.mp4,waukegan field house the217 20240615,,basketball,,,1,data/processed/muvs_sample/basketball/waukegan_field_house_the217_20240615_60s_5s.mp4,,,,,needs_event_evidence,,,,,,,,
MUVS:waukegan_field_house_wave_vs_rebelz_20240615,MUVS,https://storage.googleapis.com/dataset-ugv-sports/public/RAW_DATA/basketball/waukegan_field_house_wave_vs_rebelz_20240615/cam_1/VIDEOS/P2/video.mp4,waukegan field house wave vs rebelz 20240615,,basketball,,,1,data/processed/muvs_sample/basketball/waukegan_field_house_wave_vs_rebelz_20240615_60s_5s.mp4,,,,,needs_event_evidence,,,,,,,,
MUVS:waukegan_field_house_young_bucks_20240615,MUVS,https://storage.googleapis.com/dataset-ugv-sports/public/RAW_DATA/basketball/waukegan_field_house_young_bucks_20240615/cam_2/VIDEOS/P4/video.mp4,waukegan field house young bucks 20240615,,basketball,,,1,data/processed/muvs_sample/basketball/waukegan_field_house_young_bucks_20240615_60s_5s.mp4,,,,,needs_event_evidence,,,,,,,,
IA:pikevky-UPIKE_Women_s_Basketball_vs_Montreat_College_-_February_21_2026,InternetArchive,https://archive.org/details/pikevky-UPIKE_Women_s_Basketball_vs_Montreat_College_-_February_21_2026,"UPIKE Women's Basketball vs Montreat College - February 21, 2026",,basketball,female,,1,data/processed/internet_archive_college_sample/basketball/pikevky-UPIKE_Women_s_Basketball_vs_Montreat_College_-_February_21_2026_2384.97s_5s.mp4,,,,,needs_event_evidence,,,,,,,,
IA:btvnj-2_November_Men_s_Basketball_Northern_Essex_vs_Monroe,InternetArchive,https://archive.org/details/btvnj-2_November_Men_s_Basketball_Northern_Essex_vs_Monroe,2 November Men's Basketball Northern Essex vs Monroe,,basketball,male,,1,data/processed/internet_archive_college_sample/basketball/btvnj-2_November_Men_s_Basketball_Northern_Essex_vs_Monroe_1793.54s_5s.mp4,,,,,needs_event_evidence,,,,,,,,
MUVS:ChicagoFireFC_vs_AtlantaUnited_20240727,MUVS,https://storage.googleapis.com/dataset-ugv-sports/public/RAW_DATA/soccer/ChicagoFireFC_vs_AtlantaUnited_20240727/cam_1/VIDEOS/P30/video.mp4,ChicagoFireFC vs AtlantaUnited 20240727,,football,,,1,data/processed/muvs_sample/football/ChicagoFireFC_vs_AtlantaUnited_20240727_60s_5s.mp4,,,,,needs_event_evidence,,,,,,,,
MUVS:chicagoFire_vs_charlotteFC_20240515,MUVS,https://storage.googleapis.com/dataset-ugv-sports/public/RAW_DATA/soccer/chicagoFire_vs_charlotteFC_20240515/cam_2/VIDEOS/P4/video.mp4,chicagoFire vs charlotteFC 20240515,,football,,,1,data/processed/muvs_sample/football/chicagoFire_vs_charlotteFC_20240515_60s_5s.mp4,,,,,needs_event_evidence,,,,,,,,
IA:bctvnh-BHS_Girls_Soccer_Bedford_vs_Goffstown_9_22_26,InternetArchive,https://archive.org/details/bctvnh-BHS_Girls_Soccer_Bedford_vs_Goffstown_9_22_26,BHS Girls Soccer Bedford vs Goffstown 9/22/26,Be sure to subscribe to our channel by clicking on Subscribe button and ring the bell to get updated when we upload a video.\r<br />\r<br />You can also click the link below to subscribe...\r<br />\r<br />https://tinyurl.com/SubscribetoBCTV,football,female,,1,data/processed/internet_archive_sample/football/bctvnh-BHS_Girls_Soccer_Bedford_vs_Goffstown_9_22_26_2049.48s_5s.mp4,,,,,needs_event_evidence,,,,,,,,
IA:btvnj-Brookdale_Women_s_Soccer_vs_Atlantic_Cape_11_October_2025,InternetArchive,https://archive.org/details/btvnj-Brookdale_Women_s_Soccer_vs_Atlantic_Cape_11_October_2025,Brookdale Women's Soccer vs Atlantic Cape 11 October 2025,,football,female,,1,data/processed/internet_archive_college_sample/football/btvnj-Brookdale_Women_s_Soccer_vs_Atlantic_Cape_11_October_2025_1828.7s_5s.mp4,,,,,needs_event_evidence,,,,,,,,
IA:bcamma-BHS_Boys_Soccer_vs_Walpole_9_15_26_LIVE_at_4pm-optj1EAJpo0,InternetArchive,https://archive.org/details/bcamma-BHS_Boys_Soccer_vs_Walpole_9_15_26_LIVE_at_4pm-optj1EAJpo0,BHS Boys Soccer vs Walpole 9/15/26 LIVE @ 4pm,BHS Boys Soccer vs Walpole 9/15/26 LIVE @ 4pm,football,male,,1,data/processed/internet_archive_sample/football/bcamma-BHS_Boys_Soccer_vs_Walpole_9_15_26_LIVE_at_4pm-optj1EAJpo0_300s_5s.mp4,,,,,needs_event_evidence,,,,,,,,
IA:btvnj-Brookdale_Men_s_Soccer_vs_Camden_College_11_October_2025,InternetArchive,https://archive.org/details/btvnj-Brookdale_Men_s_Soccer_vs_Camden_College_11_October_2025,Brookdale Men's Soccer vs Camden College  11 October 2025,Brookdale- 0<br />Camden - 2,football,male,,1,data/processed/internet_archive_college_sample/football/btvnj-Brookdale_Men_s_Soccer_vs_Camden_College_11_October_2025_1974.3s_5s.mp4,,,,,needs_event_evidence,,,,,,,,
IA:etvmn-Eagan_Boys_Soccer_vs._Prior_Lake-GX0KN5yrffI,InternetArchive,https://archive.org/details/etvmn-Eagan_Boys_Soccer_vs._Prior_Lake-GX0KN5yrffI,Eagan Boys Soccer vs. Prior Lake,Watch as the Wildcats take on they take on the Prior Lake Lakers! Kick-off is at 7:00 pm!,football,male,,1,data/processed/internet_archive_sample/football/etvmn-Eagan_Boys_Soccer_vs._Prior_Lake-GX0KN5yrffI_300s_5s.mp4,,,,,needs_event_evidence,,,,,,,,
IA:bbrtvmev-BRHS_Girls_Tennis_02_-_Boothbay_v_Morse_court_2,InternetArchive,https://archive.org/details/bbrtvmev-BRHS_Girls_Tennis_02_-_Boothbay_v_Morse_court_2,BRHS Girls Tennis 02 - Boothbay v Morse_court 2,,tennis,female,youth,1,data/processed/internet_archive_sample/tennis/bbrtvmev-BRHS_Girls_Tennis_02_-_Boothbay_v_Morse_court_2_300s_5s.mp4,female,,data/processed/internet_archive_sample/tennis/bbrtvmev-BRHS_Girls_Tennis_02_-_Boothbay_v_Morse_court_2_300s_5s.mp4,,owner_age_ambiguous,до 18 лет,project_owner_visual_review,2026-09-29,data/processed/internet_archive_sample/tennis/bbrtvmev-BRHS_Girls_Tennis_02_-_Boothbay_v_Morse_court_2_300s_5s.mp4,age_rule_spans_18_boundary,"Пользователь: девочки до 18 лет; визуальный просмотр, регламент не проверен; MPA допускает участие 18-летних в школьной категории; age_category оставлена пустой",visual_ambiguous_event,https://www.mpa.cc/resources/About%20Us/Handbook.pdf
IA:ecatma-OA_Girls_Tennis_vs_Attleboro_2nd_Singles_4_08_26,InternetArchive,https://archive.org/details/ecatma-OA_Girls_Tennis_vs_Attleboro_2nd_Singles_4_08_26,OA Girls Tennis vs Attleboro 2nd Singles 4/08/26,"Oliver Ames Tigers vs Attleboro Bombardiers<br />2nd Singles<br />OA Katheryn Weiler      6 6  <br />ATT Lexi Frackelton     1 0 <br />FINAL OA Tennis Courts<br />4/08/26<br />The mission of Easton Community Access Television (ECAT) is to develop and produce educational, cultural and informational community programming for the Town of Easton, MA and to provide an electronic forum for the free exchange of information and ideas which reflect the talents, interests, concerns and diversity of Easton residents.<br />Follow us on Facebook: https://www.facebook.com/eastoncat<br />and Instagram: https://www.instagram.com/eastontv/<br />And check out our website: https://eastoncat.org/<br /><br />You can donate to ECAT here: https://buy.stripe.com/dR69D9atv1HS1DG9AB",tennis,female,youth,1,data/processed/internet_archive_sample/tennis/ecatma-OA_Girls_Tennis_vs_Attleboro_2nd_Singles_4_08_26_300s_5s.mp4,female,,data/processed/internet_archive_sample/tennis/ecatma-OA_Girls_Tennis_vs_Attleboro_2nd_Singles_4_08_26_300s_5s.mp4,,owner_age_tentative,предположительно до 18 лет,project_owner_visual_review,2026-09-29,data/processed/internet_archive_sample/tennis/ecatma-OA_Girls_Tennis_vs_Attleboro_2nd_Singles_4_08_26_300s_5s.mp4,pending,"Пользователь: девочки вроде до 18 лет; визуальный просмотр, регламент не проверен",visual_tentative,
IA:monica-puig-pur-vs-angelique-kerber-ger-womens-tennis-singles-final-rio-2016-olympics,InternetArchive,https://archive.org/details/monica-puig-pur-vs-angelique-kerber-ger-womens-tennis-singles-final-rio-2016-olympics,Monica Puig ( PUR) Vs Angelique Kerber ( GER) Women's Tennis Singles Final Rio 2016 Olympics,La Campeona.,tennis,female,,1,data/processed/internet_archive_college_sample/tennis/monica-puig-pur-vs-angelique-kerber-ger-womens-tennis-singles-final-rio-2016-olympics_300s_5s.mp4,,,,,needs_event_evidence,,,,,,,,
IA:westcatma-WHS_Sports_-_Girls_Tennis_vs_Agawam_05_27_26,InternetArchive,https://archive.org/details/westcatma-WHS_Sports_-_Girls_Tennis_vs_Agawam_05_27_26,WHS Sports - Girls Tennis vs Agawam 05/27/26,"This is the Westwood Girls Tennis Round of 32 matchup against Agawam from May 27th<br /><br />Thank you for watching! We are Westwood Media Center. We promote and enhance local television content to Westwood residents via cable and online channels to support an informed and active citizenry, increase the transparency and quality of civic decision-making, deepen understanding of local issues of importance, and promote civility in public dialogue while respecting the rights to free speech and creative expression.<br /><br />SUBSCRIBE TO OUR YOUTUBE NOW<br /><br />FOLLOW US HERE <br />Website: https://westwoodmediacenter.tv/<br />Instagram: https://www.instagram.com/westwood_mediacenter/<br />Twitter: https://x.com/westwood_media<br />Facebook: https://www.facebook.com/westwoodmediacenter<br />TikTok: https://www.tiktok.com/@westwoodmediacenter",tennis,female,,1,data/processed/internet_archive_sample/tennis/westcatma-WHS_Sports_-_Girls_Tennis_vs_Agawam_05_27_26_300s_5s.mp4,,,,,needs_event_evidence,,,,,,,,
IA:ctncrmn-Boys_Tennis_-_Spring_Lake_Park_at_Coon_Rapids_5.7.26_-_Scott_Storrick_s_last_home_match,InternetArchive,https://archive.org/details/ctncrmn-Boys_Tennis_-_Spring_Lake_Park_at_Coon_Rapids_5.7.26_-_Scott_Storrick_s_last_home_match,Boys Tennis: Spring Lake Park at Coon Rapids 5.7.26 - Scott Storrick's last home match,,tennis,male,youth,1,data/processed/internet_archive_sample/tennis/ctncrmn-Boys_Tennis_-_Spring_Lake_Park_at_Coon_Rapids_5.7.26_-_Scott_Storrick_s_last_home_match_2095.41s_5s.mp4,male,,data/processed/internet_archive_sample/tennis/ctncrmn-Boys_Tennis_-_Spring_Lake_Park_at_Coon_Rapids_5.7.26_-_Scott_Storrick_s_last_home_match_2095.41s_5s.mp4,,owner_age_tentative,предположительно до 18 лет,project_owner_visual_review,2026-09-29,data/processed/internet_archive_sample/tennis/ctncrmn-Boys_Tennis_-_Spring_Lake_Park_at_Coon_Rapids_5.7.26_-_Scott_Storrick_s_last_home_match_2095.41s_5s.mp4,pending,"Пользователь: парни вроде до 18 лет; визуальный просмотр, регламент не проверен",visual_tentative,
IA:ecatma-OA_Boys_Tennis_vs_Foxboro_1_Singles_5_11_26,InternetArchive,https://archive.org/details/ecatma-OA_Boys_Tennis_vs_Foxboro_1_Singles_5_11_26,OA Boys Tennis vs Foxboro #1 Singles 5/11/26,"Oliver Ames Tigers vs Taunton Tigers<br />#1 Singles<br />OA Brendan Teegan       0  1<br />FOX Jacob Dasouza       6  6<br />FINAL OA Tennis Courts<br />5/11/26<br />The mission of Easton Community Access Television (ECAT) is to develop and produce educational, cultural and informational community programming for the Town of Easton, MA and to provide an electronic forum for the free exchange of information and ideas which reflect the talents, interests, concerns and diversity of Easton residents.<br />Follow us on Facebook: https://www.facebook.com/eastoncat<br />and Instagram: https://www.instagram.com/eastontv/<br />And check out our website: https://eastoncat.org/<br /><br />You can donate to ECAT here: https://buy.stripe.com/dR69D9atv1HS1DG9AB",tennis,male,youth,1,data/processed/internet_archive_sample/tennis/ecatma-OA_Boys_Tennis_vs_Foxboro_1_Singles_5_11_26_1171.09s_5s.mp4,male,,data/processed/internet_archive_sample/tennis/ecatma-OA_Boys_Tennis_vs_Foxboro_1_Singles_5_11_26_1171.09s_5s.mp4,,owner_age_tentative,предположительно до 18 лет,project_owner_visual_review,2026-09-29,data/processed/internet_archive_sample/tennis/ecatma-OA_Boys_Tennis_vs_Foxboro_1_Singles_5_11_26_1171.09s_5s.mp4,pending,"Пользователь: парни вроде до 18 лет; визуальный просмотр, регламент не проверен",visual_tentative,
IA:pegtvvt-Castleton_vs._NVU_Lyndon_-_Men_s_Tennis_-_March_19_2022,InternetArchive,https://archive.org/details/pegtvvt-Castleton_vs._NVU_Lyndon_-_Men_s_Tennis_-_March_19_2022,"Castleton vs. NVU Lyndon - Men's Tennis - March 19, 2022","Castleton vs. NVU Lyndon, Men's Tennis.  Recorded on March 19, 2022.",tennis,male,,1,data/processed/internet_archive_college_sample/tennis/pegtvvt-Castleton_vs._NVU_Lyndon_-_Men_s_Tennis_-_March_19_2022_99.424s_5s.mp4,,,,,needs_event_evidence,,,,,,,,
MUVS:loyola_vs_mckendree_20240413,MUVS,https://storage.googleapis.com/dataset-ugv-sports/public/RAW_DATA/volleyball/loyola_vs_mckendree_20240413/cam_3/VIDEOS/P21/video.mp4,loyola vs mckendree 20240413,,volleyball,,,1,data/processed/muvs_sample/volleyball/loyola_vs_mckendree_20240413_P21_cam_3_100s_5s.mp4,,,,,needs_event_evidence,,,,,,,,
IA:ctv11co-CSU_Women_s_Volleyball_vs_Nevada,InternetArchive,https://archive.org/details/ctv11co-CSU_Women_s_Volleyball_vs_Nevada,CSU Women's Volleyball vs Nevada,"Follow CTV on Instagram @CTVchannel11<br />Follow CTV on Twitter @CTV11<br /><br />Game played on: November 21, 2024",volleyball,female,,1,data/processed/internet_archive_college_sample/volleyball/ctv11co-CSU_Women_s_Volleyball_vs_Nevada_189.375s_5s.mp4,,,,,needs_event_evidence,,,,,,,,
IA:ELHS_Spartans_Boys_Volleyball_vs._Whittier_Tech_Vocational_5_29_26,InternetArchive,https://archive.org/details/ELHS_Spartans_Boys_Volleyball_vs._Whittier_Tech_Vocational_5_29_26,ELHS Spartans Boys Volleyball vs. Whittier Tech Vocational 5/29/26,,volleyball,male,youth,1,data/processed/internet_archive_sample/volleyball/ELHS_Spartans_Boys_Volleyball_vs._Whittier_Tech_Vocational_5_29_26_1155.89s_5s.mp4,male,,data/processed/internet_archive_sample/volleyball/ELHS_Spartans_Boys_Volleyball_vs._Whittier_Tech_Vocational_5_29_26_1155.89s_5s.mp4,,owner_age_ambiguous,до 18 лет,project_owner_visual_review,2026-09-29,data/processed/internet_archive_sample/volleyball/ELHS_Spartans_Boys_Volleyball_vs._Whittier_Tech_Vocational_5_29_26_1155.89s_5s.mp4,age_rule_spans_18_boundary,"Пользователь: мальчики до 18 лет; визуальный просмотр, регламент не проверен; MIAA допускает участие 18-летних в школьной категории; age_category оставлена пустой",visual_ambiguous_event,https://www.miaa.net/sites/default/files/2025-06/miaa-handbook-25-27.pdf
IA:btvnj-Brookdale_Men_s_Volleyball_vs_Nassau_Community_College_25_February_2026,InternetArchive,https://archive.org/details/btvnj-Brookdale_Men_s_Volleyball_vs_Nassau_Community_College_25_February_2026,Brookdale Men's Volleyball vs Nassau Community College 25 February 2026,Jersey Blues vs Lions,volleyball,male,,1,data/processed/internet_archive_college_sample/volleyball/btvnj-Brookdale_Men_s_Volleyball_vs_Nassau_Community_College_25_February_2026_2567.97s_5s.mp4,,,,,needs_event_evidence,,,,,,,,
IA:whctvct-Boys_Volleyball_Class_M_Quarterfinal_4_Hall_vs_5_Darien_-_June_4_2026,InternetArchive,https://archive.org/details/whctvct-Boys_Volleyball_Class_M_Quarterfinal_4_Hall_vs_5_Darien_-_June_4_2026,"Boys Volleyball Class M Quarterfinal (4) Hall vs (5) Darien - June 4, 2026",This game will be made public again at the end of the season<br /><br />Are you enjoying this? Please help support our channel by becoming a member: https://www.youtube.com/channel/UCa3sHmUhm7-2Dep_Yy3LarA/join <br /><br />Get a heads up whenever we go live. It's free to subscribe. Simply click below to receive a notification every time we go live: https://www.youtube.com/@whci/?sub_confirmation=1 <br /><br />Make a tax-deductible donation to WHCi!  https://givebutter.com/etxOvo,volleyball,male,youth,1,data/processed/internet_archive_sample/volleyball/whctvct-Boys_Volleyball_Class_M_Quarterfinal_4_Hall_vs_5_Darien_-_June_4_2026_300s_5s.mp4,male,,data/processed/internet_archive_sample/volleyball/whctvct-Boys_Volleyball_Class_M_Quarterfinal_4_Hall_vs_5_Darien_-_June_4_2026_300s_5s.mp4,,owner_age_ambiguous,до 18 лет,project_owner_visual_review,2026-09-29,data/processed/internet_archive_sample/volleyball/whctvct-Boys_Volleyball_Class_M_Quarterfinal_4_Hall_vs_5_Darien_-_June_4_2026_300s_5s.mp4,age_rule_spans_18_boundary,"Пользователь: мальчики до 18 лет; визуальный просмотр, регламент не проверен; CIAC допускает участие 18-летних в школьной категории; age_category оставлена пустой",visual_ambiguous_event,https://ciac.fpsports.org/resources/Resources/Handbook.pdf
