source_dataset,source_video_id,source_split,sport_label,title,source_url,candidate_gender,candidate_age,event_id,competition_id,gender_category,age_category,evidence_url,video_match_checked,review_status,event_gender_raw,label_source,reviewed_at,video_evidence_url,official_event_status
MultiSports,MultiSports:aerobic_gymnastics:v_-hyYa8ijq-8,train,aerobic_gymnastics,"Finland 2 (FIN) - 2018 Aerobic Worlds, Guimaraes (POR) - Trio Qualifications",https://www.youtube.com/watch?v=-hyYa8ijq-8,,,,,female,adult,,True,owner_video_reviewed,female,project_owner_video_review,2026-09-28,https://www.youtube.com/watch?v=-hyYa8ijq-8,pending
MultiSports,MultiSports:aerobic_gymnastics:v_4RKB-3ER_GA,test,aerobic_gymnastics,"REPLAY: 2017 Aerobics Europeans - Senior FINAL Mixed Pairs, plus medal ceremony",https://www.youtube.com/watch?v=4RKB-3ER_GA,,,,,,adult,,True,owner_video_reviewed,mixed,project_owner_video_review,2026-09-28,https://www.youtube.com/watch?v=4RKB-3ER_GA,pending
MultiSports,MultiSports:aerobic_gymnastics:v_7G_IpU0FxLU,test,aerobic_gymnastics,Trio France - Aerobic World Age Group 2012,https://www.youtube.com/watch?v=7G_IpU0FxLU,,,,,,,,False,unreviewed,,,,,
MultiSports,MultiSports:aerobic_gymnastics:v_9B5Dqi_0DQ8,test,aerobic_gymnastics,Aerobic Gumnastics Cup Plovdiv 2017 Day One Part 13,https://www.youtube.com/watch?v=9B5Dqi_0DQ8,,,,,,,,False,unreviewed,,,,,
MultiSports,MultiSports:aerobic_gymnastics:v_Ahg4VNTbKaM,test,aerobic_gymnastics,"2018 Aerobic Worlds, Guimaraes (POR) - Highlights MIXED PAIR and TRIO - We Are Gymnastics !",https://www.youtube.com/watch?v=Ahg4VNTbKaM,,,,,,,,False,unreviewed,,,,,
MultiSports,MultiSports:aerobic_gymnastics:v_B_8AlGXZlzc,train,aerobic_gymnastics,Ginástica: Taça do Mundo Aeróbica Cantanhede 2018,https://www.youtube.com/watch?v=B_8AlGXZlzc,,,,,,,,False,unreviewed,,,,,
MultiSports,MultiSports:aerobic_gymnastics:v_C4eLCcBhKhQ,train,aerobic_gymnastics,"REPLAY: 2017 Aerobics Europeans - Junior FINAL Trios, plus medal ceremony",https://www.youtube.com/watch?v=C4eLCcBhKhQ,,youth,,,,,,False,unreviewed,,,,,
MultiSports,MultiSports:aerobic_gymnastics:v_CoAiZeQaVCc,test,aerobic_gymnastics,Ginástica: Taça Mundo e Open Aeróbica Cantanhede - 31/03/2019,https://www.youtube.com/watch?v=CoAiZeQaVCc,,,,,,,,False,unreviewed,,,,,
MultiSports,MultiSports:aerobic_gymnastics:v_Dxk7BeJQJKA,train,aerobic_gymnastics,Trio Romania 2 - Aerobic World Age Group 2012,https://www.youtube.com/watch?v=Dxk7BeJQJKA,,,,,,,,False,unreviewed,,,,,
MultiSports,MultiSports:aerobic_gymnastics:v_FkJYI60Jabc,train,aerobic_gymnastics,Giải vô địch thể dục Aerobic châu Á 2015 - Ngày3 - Phần 1,https://www.youtube.com/watch?v=FkJYI60Jabc,,,,,,,,False,unreviewed,,,,,
MultiSports,MultiSports:aerobic_gymnastics:v_HIow7_XktlQ,test,aerobic_gymnastics,Aerobic Gumnastics Cup Plovdiv 2017 Day One Part 12,https://www.youtube.com/watch?v=HIow7_XktlQ,,,,,,,,False,unreviewed,,,,,
MultiSports,MultiSports:aerobic_gymnastics:v_IzrY6nmu9H4,train,aerobic_gymnastics,Aerobic Gumnastics Cup Plovdiv 2017 Day One Part 14,https://www.youtube.com/watch?v=IzrY6nmu9H4,,,,,,,,False,unreviewed,,,,,
MultiSports,MultiSports:aerobic_gymnastics:v_MpKpjb7EamM,train,aerobic_gymnastics,FULL REPLAY - 2016 Aerobic Gymnastics Worlds - Finals Day 2,https://www.youtube.com/watch?v=MpKpjb7EamM,,,,,,,,False,unreviewed,,,,,
MultiSports,MultiSports:aerobic_gymnastics:v_NzCihhjR_NE,train,aerobic_gymnastics,Campionatul European de Gimnastica Aerobica 2011,https://www.youtube.com/watch?v=NzCihhjR_NE,,,,,,,,False,unreviewed,,,,,
MultiSports,MultiSports:aerobic_gymnastics:v_QIegMo0DW9E,train,aerobic_gymnastics,"REPLAY: 2017 Aerobics Europeans - Senior FINAL Groups, plus medal ceremony",https://www.youtube.com/watch?v=QIegMo0DW9E,,,,,,,,False,unreviewed,,,,,
MultiSports,MultiSports:aerobic_gymnastics:v_RC53wgodTfM,train,aerobic_gymnastics,"Argentina 2 (ARG) - 2018 Aerobic Worlds, Guimaraes (POR) - Trio Qualifications",https://www.youtube.com/watch?v=RC53wgodTfM,,,,,,,,False,unreviewed,,,,,
MultiSports,MultiSports:aerobic_gymnastics:v__wAgwttPYaQ,train,aerobic_gymnastics,REPLAY - 2019 Aerobics Europeans - Junior Groups final,https://www.youtube.com/watch?v=_wAgwttPYaQ,,youth,,,,,,False,unreviewed,,,,,
MultiSports,MultiSports:aerobic_gymnastics:v_a-aY9mRiQ6k,train,aerobic_gymnastics,"Italy 1 (ITA) - 2018 Aerobic Worlds, Guimaraes (POR) - Trio Qualifications",https://www.youtube.com/watch?v=a-aY9mRiQ6k,,,,,,,,False,unreviewed,,,,,
MultiSports,MultiSports:aerobic_gymnastics:v_aqMgwPExjD0,train,aerobic_gymnastics,Mixed Pair Hungary - Aerobic World Age Group 2012,https://www.youtube.com/watch?v=aqMgwPExjD0,,,,,,,,False,unreviewed,,,,,
MultiSports,MultiSports:aerobic_gymnastics:v_b591rCDAtto,train,aerobic_gymnastics,,https://www.youtube.com/watch?v=b591rCDAtto,,,,,,,,False,unreviewed,,,,,
MultiSports,MultiSports:aerobic_gymnastics:v_bCn6Sm5QAis,train,aerobic_gymnastics,Trio GREECE - Aerobic Worlds 2012,https://www.youtube.com/watch?v=bCn6Sm5QAis,,,,,,,,False,unreviewed,,,,,
MultiSports,MultiSports:aerobic_gymnastics:v_bO3skTgn_Ek,train,aerobic_gymnastics,Aerobic Gumnastics Cup Plovdiv 2017 Day One Part 4,https://www.youtube.com/watch?v=bO3skTgn_Ek,,,,,,,,False,unreviewed,,,,,
MultiSports,MultiSports:aerobic_gymnastics:v_bZc2Ruw3ZfE,train,aerobic_gymnastics,Ginástica: Open Aeróbica Cantanhede 2017,https://www.youtube.com/watch?v=bZc2Ruw3ZfE,,,,,,,,False,unreviewed,,,,,
MultiSports,MultiSports:aerobic_gymnastics:v_bp5XtTLjH20,train,aerobic_gymnastics,"France (FRA) - 2018 Aerobic Worlds, Guimaraes (POR) - Trio Qualifications",https://www.youtube.com/watch?v=bp5XtTLjH20,,,,,,,,False,unreviewed,,,,,
MultiSports,MultiSports:aerobic_gymnastics:v_crsi07chcV8,test,aerobic_gymnastics,FIG WORLD CHAMPIONSHIP REPLAY: 2018 Aerobic Gymnastics Mixed pairs Final,https://www.youtube.com/watch?v=crsi07chcV8,,,,,,,,False,unreviewed,,,,,
MultiSports,MultiSports:aerobic_gymnastics:v_dFYr67eNMwA,test,aerobic_gymnastics,"2015 Aerobic Junior European, Elvas (POR) – Group Final",https://www.youtube.com/watch?v=dFYr67eNMwA,,youth,,,,,,False,unreviewed,,,,,
MultiSports,MultiSports:aerobic_gymnastics:v_dQ_KbVVgj00,train,aerobic_gymnastics,Trio Japan - Aerobic World Age Group 2012,https://www.youtube.com/watch?v=dQ_KbVVgj00,,,,,,,,False,unreviewed,,,,,
MultiSports,MultiSports:aerobic_gymnastics:v_dRwGPD_Ep_I,train,aerobic_gymnastics,"Czech Republic 2 (CZE) - 2018 Aerobic Worlds, Guimaraes (POR) - Trio Qualifications",https://www.youtube.com/watch?v=dRwGPD_Ep_I,,,,,,,,False,unreviewed,,,,,
MultiSports,MultiSports:aerobic_gymnastics:v_dYSKJ4VdD9k,train,aerobic_gymnastics,Trio Russia 2 - Aerobic World Age Group 2012,https://www.youtube.com/watch?v=dYSKJ4VdD9k,,,,,,,,False,unreviewed,,,,,
MultiSports,MultiSports:aerobic_gymnastics:v_fCc2IXTBIxw,train,aerobic_gymnastics,Giải vô địch thể dục Aerobic châu Á 2015 - Ngày 2 - Phần 2,https://www.youtube.com/watch?v=fCc2IXTBIxw,,,,,,,,False,unreviewed,,,,,
MultiSports,MultiSports:aerobic_gymnastics:v_yaKOumdXwbU,train,aerobic_gymnastics,FULL REPLAY - 2016 Aerobic Gymnastics Worlds - Finals Day 1,https://www.youtube.com/watch?v=yaKOumdXwbU,,,,,,,,False,unreviewed,,,,,
MultiSports,MultiSports:basketball:v_-6Os86HzwCs,test,basketball,Australia v Philippines - Full Game - FIBA Women's Asia Cup 2019,https://www.youtube.com/watch?v=-6Os86HzwCs,female,,,,,,,False,unreviewed,,,,,
MultiSports,MultiSports:basketball:v_-9kabh1K8UA,train,basketball,USA vs Australia Exhibition Full Game 22.8.2019 | USA Basketball 2019,https://www.youtube.com/watch?v=-9kabh1K8UA,,,,,,,,False,unreviewed,,,,,
MultiSports,MultiSports:basketball:v_00HRwkvvjtQ,train,basketball,Kentucky vs. Wichita State: 2014 NCAA tournament | FULL GAME,https://www.youtube.com/watch?v=00HRwkvvjtQ,,,,,,,,False,unreviewed,,,,,
MultiSports,MultiSports:basketball:v_2BhBRkkAqbQ,train,basketball,USA vs Australia Game 2 | Full Game 24.8.2019 | USA Basketball 2019,https://www.youtube.com/watch?v=2BhBRkkAqbQ,,,,,,,,False,unreviewed,,,,,
MultiSports,MultiSports:basketball:v_2j7kLB-vEEk,test,basketball,NBA Miami Heat vs Golden State Warriors 14.01.17,https://www.youtube.com/watch?v=2j7kLB-vEEk,,,,,,,,False,unreviewed,,,,,
MultiSports,MultiSports:basketball:v_42VrMbd68Zg,train,basketball,,https://www.youtube.com/watch?v=42VrMbd68Zg,,,,,,,,False,unreviewed,,,,,
MultiSports,MultiSports:basketball:v_4LXTUim5anY,test,basketball,NBA LA Lakers@New Orleans Pelicans 2016.02.04 - Full Game,https://www.youtube.com/watch?v=4LXTUim5anY,,,,,,,,False,unreviewed,,,,,
MultiSports,MultiSports:basketball:v_4nikeBZNYRE,test,basketball,Philippines v India - Group E - Full Game - 2015 FIBA Asia Championship,https://www.youtube.com/watch?v=4nikeBZNYRE,,,,,,,,False,unreviewed,,,,,
MultiSports,MultiSports:basketball:v_4r8QL_wglzQ,train,basketball,Philippines v Palestine - Group B - Full Game - 2015 FIBA Asia Championship,https://www.youtube.com/watch?v=4r8QL_wglzQ,,,,,,,,False,unreviewed,,,,,
MultiSports,MultiSports:basketball:v_5ekaksddqrc,train,basketball,Australia v USA - Full Game - Final - FIBA Women's Basketball World Cup 2018,https://www.youtube.com/watch?v=5ekaksddqrc,female,,,,,,,False,unreviewed,,,,,
MultiSports,MultiSports:basketball:v_6OLC1-bhioc,train,basketball,"New Orleans Pelicans at Cleveland Cavaliers - Jan 2, 2017 -",https://www.youtube.com/watch?v=6OLC1-bhioc,,,,,,,,False,unreviewed,,,,,
MultiSports,MultiSports:basketball:v_6oTxfzKdG6Q,test,basketball,Iran v Japan - Full Game - FIBA Basketball World Cup 2019 - Asian Qualifiers,https://www.youtube.com/watch?v=6oTxfzKdG6Q,,,,,,,,False,unreviewed,,,,,
MultiSports,MultiSports:basketball:v_7FTsO8S3h88,train,basketball,Texas Tech vs. Gonzaga: 2019 Elite Eight | FULL GAME,https://www.youtube.com/watch?v=7FTsO8S3h88,,,,,,,,False,unreviewed,,,,,
MultiSports,MultiSports:basketball:v_82WN8C8qJmI,test,basketball,South Carolina vs. Duke: 2017 NCAA tournament | FULL GAME,https://www.youtube.com/watch?v=82WN8C8qJmI,,,,,,,,False,unreviewed,,,,,
MultiSports,MultiSports:basketball:v_A4OJhlI6hgc,train,basketball,Indonesia v Philippines - Full Game - FIBA Asia Cup 2021 Qualifiers,https://www.youtube.com/watch?v=A4OJhlI6hgc,,,,,,,,False,unreviewed,,,,,
MultiSports,MultiSports:basketball:v_BdD9xu0E2H4,train,basketball,Turkey made their presence known vs. Japan - Full Game - FIBA Basketball World Cup 2019,https://www.youtube.com/watch?v=BdD9xu0E2H4,,,,,,,,False,unreviewed,,,,,
MultiSports,MultiSports:basketball:v_BgwzTUxJaeU,train,basketball,USA 🇺🇸 vs Russia 🇷🇺 - Classic Full Game | FIBA Basketball World Cup 2010,https://www.youtube.com/watch?v=BgwzTUxJaeU,,,,,,,,False,unreviewed,,,,,
MultiSports,MultiSports:basketball:v_C94HDW9HYzU,train,basketball,USA 🇺🇸 vs Lithuania 🇱🇹 - Classic Full Games | FIBA Basketball World Cup 2010,https://www.youtube.com/watch?v=C94HDW9HYzU,,,,,,,,False,unreviewed,,,,,
MultiSports,MultiSports:basketball:v_DC3D_JZQUqQ,test,basketball,USA vs CANADA Full Game 26.8.2019 | USA Basketball 2019,https://www.youtube.com/watch?v=DC3D_JZQUqQ,,,,,,,,False,unreviewed,,,,,
MultiSports,MultiSports:basketball:v_EGtCLk5BksU,train,basketball,Men's Basketball Quarter-Finals - FRA v ESP | London 2012 Olympics,https://www.youtube.com/watch?v=EGtCLk5BksU,male,,,,,,,False,unreviewed,,,,,
MultiSports,MultiSports:basketball:v_ERsBxGv2JxY,train,basketball,Basketball - Men SF 2 USA-ARG - London 2012 Olympic Games,https://www.youtube.com/watch?v=ERsBxGv2JxY,male,,,,,,,False,unreviewed,,,,,
MultiSports,MultiSports:basketball:v_FH9KE8FSmig,train,basketball,Basketball - Men -  USA-FRA - London 2012 Olympic Games,https://www.youtube.com/watch?v=FH9KE8FSmig,male,,,,,,,False,unreviewed,,,,,
MultiSports,MultiSports:basketball:v_HBJ9u9B1v3A,train,basketball,Argentina v Italy - Men's Basketball Final | Athens 2004 Replays,https://www.youtube.com/watch?v=HBJ9u9B1v3A,male,,,,,,,False,unreviewed,,,,,
MultiSports,MultiSports:basketball:v_I-tZTTBt3rc,test,basketball,China 🇨🇳 vs Poland 🇵🇱 - Classic Full Games | FIBA Basketball World Cup 2019,https://www.youtube.com/watch?v=I-tZTTBt3rc,,,,,male,adult,,True,owner_video_reviewed,male,project_owner_video_review,2026-09-28,https://www.youtube.com/watch?v=I-tZTTBt3rc,pending
MultiSports,MultiSports:basketball:v_InvO0NFpSIw,train,basketball,Turkey v Russia - Women's Basketball Quarter-Final - Full Replay | London 2012 Replays,https://www.youtube.com/watch?v=InvO0NFpSIw,female,,,,,,,False,unreviewed,,,,,
MultiSports,MultiSports:basketball:v_It_vvQR6RPM,test,basketball,Basketball - Women CHN-USA - London 2012 Olympic Games,https://www.youtube.com/watch?v=It_vvQR6RPM,female,,,,,,,False,unreviewed,,,,,
MultiSports,MultiSports:basketball:v_JbiWR0AWKys,train,basketball,Team USA outlast the Turkish effort in OT! - Full Game - FIBA Basketball World Cup 2019,https://www.youtube.com/watch?v=JbiWR0AWKys,,,,,,,,False,unreviewed,,,,,
MultiSports,MultiSports:basketball:v_K5PFNpiP5aY,train,basketball,USA v Argentina - Men's Basketball Semi-Final | Athens 2004 Replays,https://www.youtube.com/watch?v=K5PFNpiP5aY,male,,,,,,,False,unreviewed,,,,,
MultiSports,MultiSports:basketball:v_SHFVKZ6HJc8,test,basketball,Basketball - Women USA-TUR - London 2012 Olympic Games,https://www.youtube.com/watch?v=SHFVKZ6HJc8,female,,,,,,,False,unreviewed,,,,,
MultiSports,MultiSports:basketball:v_UPbRcF0SSo0,train,basketball,UConn at Tennessee  - 1/21/21,https://www.youtube.com/watch?v=UPbRcF0SSo0,,,,,,,,False,unreviewed,,,,,
MultiSports,MultiSports:basketball:v_V4tIg2zSbWU,train,basketball,Latvia v China - Full Game - FIBA Women's Basketball World Cup 2018,https://www.youtube.com/watch?v=V4tIg2zSbWU,female,,,,,,,False,unreviewed,,,,,
MultiSports,MultiSports:basketball:v_aVfJwdQxCsU,train,basketball,Philippines v Iraq - Full Game - Asia Cup 2017,https://www.youtube.com/watch?v=aVfJwdQxCsU,,,,,,,,False,unreviewed,,,,,
MultiSports,MultiSports:basketball:v_bQNDRprvpus,train,basketball,Brazil vs USA Full Game 2012 Olympic Basketball,https://www.youtube.com/watch?v=bQNDRprvpus,,,,,,,,False,unreviewed,,,,,
MultiSports,MultiSports:basketball:v_cLvwGLrAheU,train,basketball,Philippines v Iran - Full Game - FIBA Basketball World Cup 2019 - Asian Qualifiers,https://www.youtube.com/watch?v=cLvwGLrAheU,,,,,,,,False,unreviewed,,,,,
MultiSports,MultiSports:basketball:v_en2wx__oWmE,train,basketball,France v Philippines - Full Game - 2016 FIBA Olympic Qualifying Tournament - Philippines,https://www.youtube.com/watch?v=en2wx__oWmE,,,,,,,,False,unreviewed,,,,,
MultiSports,MultiSports:basketball:v_f6a3B499nwY,train,basketball,USA v Nigeria - USA Break Olympic Points Record - Men's Basketball Group A | London 2012 Olympics,https://www.youtube.com/watch?v=f6a3B499nwY,male,,,,,,,False,unreviewed,,,,,
MultiSports,MultiSports:basketball:v_fL2LfHQIwsY,train,basketball,Basketball - Men Bronze Final ARG-RUS - London 2012 Olympic Games,https://www.youtube.com/watch?v=fL2LfHQIwsY,male,,,,,,,False,unreviewed,,,,,
MultiSports,MultiSports:basketball:v_gdtetu4nnZc,train,basketball,USA 🇺🇸 vs Serbia 🇷🇸 | FIBA Basketball World Cup 2014 Final,https://www.youtube.com/watch?v=gdtetu4nnZc,,,,,,,,False,unreviewed,,,,,
MultiSports,MultiSports:basketball:v_hDBjIvCw7Kk,test,basketball,Basketball Men's Preliminary Round Group B Spain v Brazil - Full Replay | London 2012 Olympics,https://www.youtube.com/watch?v=hDBjIvCw7Kk,male,,,,,,,False,unreviewed,,,,,
MultiSports,MultiSports:basketball:v_iO0QqaR5E24,test,basketball,Golden State Warriors vs. Orlando Magic 2/25-16,https://www.youtube.com/watch?v=iO0QqaR5E24,,,,,,,,False,unreviewed,,,,,
MultiSports,MultiSports:basketball:v_icDf81dWZHw,train,basketball,Angola v Philippines was a tough fought battle! - Full Game - FIBA Basketball World Cup 2019,https://www.youtube.com/watch?v=icDf81dWZHw,,,,,,,,False,unreviewed,,,,,
MultiSports,MultiSports:basketball:v_jZY5cZWGWKE,train,basketball,USA v Spain - Full Men's Basketball Final | Beijing 2008 Replays,https://www.youtube.com/watch?v=jZY5cZWGWKE,male,,,,,,,False,unreviewed,,,,,
MultiSports,MultiSports:basketball:v_jZj2UkglB9E,test,basketball,Kentucky vs. Kansas: 2012 National Championship | FULL GAME,https://www.youtube.com/watch?v=jZj2UkglB9E,,,,,,,,False,unreviewed,,,,,
MultiSports,MultiSports:basketball:v_kguAFIlDI4E,test,basketball,USA 🆚 Spain - Women's Basketball Gold Medal Match | Rio 2016 Replays,https://www.youtube.com/watch?v=kguAFIlDI4E,female,,,,,,,False,unreviewed,,,,,
MultiSports,MultiSports:basketball:v_l4OIaX8_D10,train,basketball,Japan v Philippines - Semi-Final - Full Game - 2015 FIBA Asia Championship,https://www.youtube.com/watch?v=l4OIaX8_D10,,,,,,,,False,unreviewed,,,,,
MultiSports,MultiSports:basketball:v_l9wUr-CK1Y4,train,basketball,Basketball - USA vs Spain - Men's Gold Final | London 2012 Olympic Games,https://www.youtube.com/watch?v=l9wUr-CK1Y4,male,,,,,,,False,unreviewed,,,,,
MultiSports,MultiSports:basketball:v_lkZY0naa0-o,train,basketball,Guangzhou Long-Lions vs Philadelphia 76ers Full Game 10.8.2019,https://www.youtube.com/watch?v=lkZY0naa0-o,,,,,,,,False,unreviewed,,,,,
MultiSports,MultiSports:basketball:v_rYquruzj9hc,train,basketball,China v USA - Full Game - FIBA Women's Basketball World Cup 2018,https://www.youtube.com/watch?v=rYquruzj9hc,female,,,,,,,False,unreviewed,,,,,
MultiSports,MultiSports:football:v_-hhDbvY5aAM,test,football,FULL REPLAY | Leeds United 1-3 Norwich City | The Canaries go top after win at Elland Road | 2019,https://www.youtube.com/watch?v=-hhDbvY5aAM,,,,,,,,False,unreviewed,,,,,
MultiSports,MultiSports:football:v_04WltVKrWJI,train,football,Tottenham v. Manchester United | PREMIER LEAGUE HIGHLIGHTS | 6/19/2020 | NBC Sports,https://www.youtube.com/watch?v=04WltVKrWJI,,,,,,,,False,unreviewed,,,,,
MultiSports,MultiSports:football:v_07uuHJ9yXBw,test,football,FULL GAME | Liverpool and Manchester City play out thrilling League Cup Semi-Final second leg!,https://www.youtube.com/watch?v=07uuHJ9yXBw,,,,,,,,False,unreviewed,,,,,
MultiSports,MultiSports:football:v_0mcffpH2VTw,train,football,Premier League Classics: Chelsea v. Arsenal | CONDENSED MATCH | 8/18/18 | NBC SPORTS,https://www.youtube.com/watch?v=0mcffpH2VTw,,,,,,,,False,unreviewed,,,,,
MultiSports,MultiSports:football:v_1yHWGw8DH4A,test,football,RB Leipzig 4-5 Bayern München - FULL Match - Bundesliga 2017 Advent Calendar 24,https://www.youtube.com/watch?v=1yHWGw8DH4A,,,,,,,,False,unreviewed,,,,,
MultiSports,MultiSports:football:v_2ChiYdg5bxI,train,football,Crystal Palace 1-2 Manchester United (AET) | Full Match | Emirates FA Cup Classic | FA Cup 2015/16,https://www.youtube.com/watch?v=2ChiYdg5bxI,,,,,,,,False,unreviewed,,,,,
MultiSports,MultiSports:football:v_2QhNRucNC7E,train,football,Dortmund vs. Schalke - Full Bundesliga Match 2015/16 - Bundesliga 2018 Advent Calendar 24,https://www.youtube.com/watch?v=2QhNRucNC7E,,,,,,,,False,unreviewed,,,,,
MultiSports,MultiSports:football:v_3Y44y1TC3Gk,train,football,FC Bayern vs. Wolfsburg - Lewandowski’s 5 Goals in 9 Minutes | FULL GAME 15/16 | Advent Calendar 24,https://www.youtube.com/watch?v=3Y44y1TC3Gk,,,,,,,,False,unreviewed,,,,,
MultiSports,MultiSports:football:v_3fYpcapas0k,train,football,Germany v Mexico | 2018 FIFA World Cup | Full Match,https://www.youtube.com/watch?v=3fYpcapas0k,,,,,,,,False,unreviewed,,,,,
MultiSports,MultiSports:football:v_4f6xLy4pop0,train,football,Brazil v France | 2006 FIFA World Cup | Full Match,https://www.youtube.com/watch?v=4f6xLy4pop0,,,,,male,adult,,True,owner_video_reviewed,male,project_owner_video_review,2026-09-28,https://www.youtube.com/watch?v=4f6xLy4pop0,pending
MultiSports,MultiSports:football:v_5OJfbYQtKtk,train,football,Brazil v Belgium | 2018 FIFA World Cup | Full Match,https://www.youtube.com/watch?v=5OJfbYQtKtk,,,,,,,,False,unreviewed,,,,,
MultiSports,MultiSports:football:v_5uBLdpt5-oU,train,football,RE-LIVE | Leeds United 1-0 West Bromwich Albion | EFL Championship | 30 November 2019,https://www.youtube.com/watch?v=5uBLdpt5-oU,,,,,,,,False,unreviewed,,,,,
MultiSports,MultiSports:football:v_7kWJSZRlItU,test,football,Premier League Classics: Everton v. Liverpool | CONDENSED MATCH | 11/23/13 | NBC SPORTS,https://www.youtube.com/watch?v=7kWJSZRlItU,,,,,,,,False,unreviewed,,,,,
MultiSports,MultiSports:football:v_8Ndq_1uw98w,test,football,Borussia Mönchengladbach vs. FC Bayern München | Full Game | Matchday 11- 2010/11 Season,https://www.youtube.com/watch?v=8Ndq_1uw98w,,,,,,,,False,unreviewed,,,,,
MultiSports,MultiSports:football:v_8szWGZUtwEM,train,football,Cameroon 0-5 Brazil -Women's Football Group E | London 2012 Olympics,https://www.youtube.com/watch?v=8szWGZUtwEM,female,,,,,,,False,unreviewed,,,,,
MultiSports,MultiSports:football:v_9wLBkU3fs0k,train,football,RE-LIVE | Huddersfield Town 0-2 Leeds United | EFL Championship | 7 December 2019,https://www.youtube.com/watch?v=9wLBkU3fs0k,,,,,,,,False,unreviewed,,,,,
MultiSports,MultiSports:football:v_Bo-kfNR027s,train,football,Tottenham v. Leicester City | PREMIER LEAGUE HIGHLIGHTS | 7/19/2020 | NBC Sports,https://www.youtube.com/watch?v=Bo-kfNR027s,,,,,,,,False,unreviewed,,,,,
MultiSports,MultiSports:football:v_COtwS_2SWIo,train,football,Full Match | Arsenal FC vs. FC Bayern 2-1 | International Champions Cup 2019,https://www.youtube.com/watch?v=COtwS_2SWIo,,,,,,,,False,unreviewed,,,,,
MultiSports,MultiSports:football:v_DjtFlW2eHFI,test,football,Real Madrid Vs Barcelona Full match 3-1,https://www.youtube.com/watch?v=DjtFlW2eHFI,,,,,,,,False,unreviewed,,,,,
MultiSports,MultiSports:football:v_FFdQL8Ljrag,train,football,Premier League Classics: Man United v. Liverpool | CONDENSED MATCH | 12/14/14 | NBC SPORTS,https://www.youtube.com/watch?v=FFdQL8Ljrag,,,,,,,,False,unreviewed,,,,,
MultiSports,MultiSports:football:v_FXVTSQSSBqI,train,football,USA v Japan | 2015 FIFA Women's World Cup Final | Full Match,https://www.youtube.com/watch?v=FXVTSQSSBqI,female,,,,,,,False,unreviewed,,,,,
MultiSports,MultiSports:football:v_G-vNjfx1GGc,train,football,FULL REPLAY | Norwich City 3-1 Ipswich Town | Canaries Victorious in Play-Off Semi! | 2015,https://www.youtube.com/watch?v=G-vNjfx1GGc,,,,,,,,False,unreviewed,,,,,
MultiSports,MultiSports:football:v_GGhhbMOp6yY,train,football,Full Bundesliga Match: Gladbach vs. Bayern - Bundesliga 2016 Advent Calendar 24,https://www.youtube.com/watch?v=GGhhbMOp6yY,,,,,,,,False,unreviewed,,,,,
MultiSports,MultiSports:football:v_IATp4zy18jA,test,football,Football - Women SF FRA-JPN - London 2012 Olympic Games,https://www.youtube.com/watch?v=IATp4zy18jA,female,,,,,,,False,unreviewed,,,,,
MultiSports,MultiSports:football:v_IOeGNAMz2ek,train,football,RE-LIVE | Leeds United 4-0 Middlesbrough | 30 November 2019,https://www.youtube.com/watch?v=IOeGNAMz2ek,,,,,,,,False,unreviewed,,,,,
MultiSports,MultiSports:football:v_ITo3sCnpw_k,test,football,Premier League Classics: Tottenham v. Arsenal | CONDENSED MATCH | 4/30/17 | NBC SPORTS,https://www.youtube.com/watch?v=ITo3sCnpw_k,,,,,,,,False,unreviewed,,,,,
MultiSports,MultiSports:football:v_IW0q3RA_O7g,train,football,Liverpool v. Chelsea | PREMIER LEAGUE HIGHLIGHTS | 7/22/2020 | NBC Sports,https://www.youtube.com/watch?v=IW0q3RA_O7g,,,,,,,,False,unreviewed,,,,,
MultiSports,MultiSports:football:v_J5X35yHt878,train,football,Tottenham v. West Ham United | PREMIER LEAGUE HIGHLIGHTS | 6/23/20 | NBC Sports,https://www.youtube.com/watch?v=J5X35yHt878,,,,,,,,False,unreviewed,,,,,
MultiSports,MultiSports:football:v_KxBv_sS443w,train,football,Manchester United v. Southampton | PREMIER LEAGUE HIGHLIGHTS | 7/13/2020 | NBC Sports,https://www.youtube.com/watch?v=KxBv_sS443w,,,,,,,,False,unreviewed,,,,,
MultiSports,MultiSports:football:v_Lv217AejzQg,train,football,Colombia 0-2 DPR Korea - Women's Football Group G | London 2012 Olympics,https://www.youtube.com/watch?v=Lv217AejzQg,female,,,,female,adult,,True,owner_video_reviewed,female,project_owner_video_review,2026-09-28,https://www.youtube.com/watch?v=Lv217AejzQg,pending
MultiSports,MultiSports:football:v_U8AcLO8xmkg,test,football,France v Brazil | 2019 FIFA Women's World Cup | Full Match,https://www.youtube.com/watch?v=U8AcLO8xmkg,female,,,,,,,False,unreviewed,,,,,
MultiSports,MultiSports:football:v_UAbX7wld9vg,train,football,Brazil v USA | 2011 FIFA Women's World Cup | Full Match,https://www.youtube.com/watch?v=UAbX7wld9vg,female,,,,,,,False,unreviewed,,,,,
MultiSports,MultiSports:football:v_ZcFbmdCxDhQ,train,football,06.03.20 - Australia v Vietnam - Women's Olympic Tournament Play Off - Full Match,https://www.youtube.com/watch?v=ZcFbmdCxDhQ,female,,,,,,,False,unreviewed,,,,,
MultiSports,MultiSports:football:v_a-FbBlvBkSE,test,football,Raul earns Wolves a point! | Arsenal 1-1 Wolves | Extended highlights,https://www.youtube.com/watch?v=a-FbBlvBkSE,,,,,,,,False,unreviewed,,,,,
MultiSports,MultiSports:football:v_a4Lt_hJdvNY,train,football,Netherlands v Mexico | 2014 FIFA World Cup | Full Match,https://www.youtube.com/watch?v=a4Lt_hJdvNY,,,,,,,,False,unreviewed,,,,,
MultiSports,MultiSports:football:v_aQawj_MHBu0,train,football,Real Madrid 3-7 Atlético Madrid - Madrid Derby 2019 Full Match | ICC2019,https://www.youtube.com/watch?v=aQawj_MHBu0,,,,,,,,False,unreviewed,,,,,
MultiSports,MultiSports:football:v_bzgW-jpfuNA,train,football,10.02.20 - Thailand v Australia - Women's Olympic Football Tournament Qualifier - Full Match,https://www.youtube.com/watch?v=bzgW-jpfuNA,female,,,,,,,False,unreviewed,,,,,
MultiSports,MultiSports:football:v_dw7LOz17Omg,train,football,,https://www.youtube.com/watch?v=dw7LOz17Omg,,,,,,,,False,unreviewed,,,,,
MultiSports,MultiSports:football:v_eMdTsex8Cyw,train,football,Germany v England | 2010 FIFA World Cup | Full Match,https://www.youtube.com/watch?v=eMdTsex8Cyw,,,,,,,,False,unreviewed,,,,,
MultiSports,MultiSports:football:v_ervkVzoFJ5w,train,football,Belgium v Japan | 2018 FIFA World Cup | Full Match,https://www.youtube.com/watch?v=ervkVzoFJ5w,,,,,,,,False,unreviewed,,,,,
MultiSports,MultiSports:football:v_foGDoBblREI,test,football,RE-LIVE | Birmingham City 4-5 Leeds United | 29 December 2019,https://www.youtube.com/watch?v=foGDoBblREI,,,,,,,,False,unreviewed,,,,,
MultiSports,MultiSports:football:v_gLZ4F6tU8M4,train,football,FC Bayern vs. SK Slavia Praha 5-1 | UEFA Women's Champions League 2018/19 - Quarter-Final | ReLive,https://www.youtube.com/watch?v=gLZ4F6tU8M4,female,,,,,,,False,unreviewed,,,,,
MultiSports,MultiSports:football:v_gQNyhv8y0QY,train,football,Honduras 2-2 Morocco - Men's Football Group D | London 2012 Olympics,https://www.youtube.com/watch?v=gQNyhv8y0QY,male,,,,,,,False,unreviewed,,,,,
MultiSports,MultiSports:football:v_iIxMOsCGH58,train,football,Brighton v. Manchester United | PREMIER LEAGUE HIGHLIGHTS | 6/30/2020 | NBC Sports,https://www.youtube.com/watch?v=iIxMOsCGH58,,,,,,,,False,unreviewed,,,,,
MultiSports,MultiSports:football:v_k3qLNiFAISI,train,football,Manchester City v. Liverpool | PREMIER LEAGUE HIGHLIGHTS | 7/2/2020 | NBC Sports,https://www.youtube.com/watch?v=k3qLNiFAISI,,,,,,,,False,unreviewed,,,,,
MultiSports,MultiSports:football:v_kEyqyYJhIIg,train,football,FC Bayern vs. Real Madrid 3-1 | Full Match | International Champions Cup 2019,https://www.youtube.com/watch?v=kEyqyYJhIIg,,,,,,,,False,unreviewed,,,,,
MultiSports,MultiSports:football:v_nCBFmf-_52o,train,football,,https://www.youtube.com/watch?v=nCBFmf-_52o,,,,,,,,False,unreviewed,,,,,
MultiSports,MultiSports:football:v_x5s8xTl_Ecw,test,football,Football - USA vs Japan - Women's Gold Final | London 2012 Olympic Games,https://www.youtube.com/watch?v=x5s8xTl_Ecw,female,,,,,,,False,unreviewed,,,,,
MultiSports,MultiSports:volleyball:v_0kUtTtmLaJA,train,volleyball,,https://www.youtube.com/watch?v=0kUtTtmLaJA,,,,,,,,False,unreviewed,,,,,
MultiSports,MultiSports:volleyball:v_1LwtoLPw2TU,train,volleyball,Volleyball - Men  BRA-USA & GBR-ITA - London 2012 Olympic Games,https://www.youtube.com/watch?v=1LwtoLPw2TU,male,,,,,,,False,unreviewed,,,,,
MultiSports,MultiSports:volleyball:v_2Dnx8BpgUEs,test,volleyball,Men's Volleyball - Poland v Bulgaria Pool A | London 2012 Olympics,https://www.youtube.com/watch?v=2Dnx8BpgUEs,male,,,,male,adult,,True,owner_video_reviewed,male,project_owner_video_review,2026-09-28,https://www.youtube.com/watch?v=2Dnx8BpgUEs,pending
MultiSports,MultiSports:volleyball:v_2Dw9QNH5KtU,train,volleyball,Korea v Thailand - 2016 Women's World Olympic Qualification Tournament,https://www.youtube.com/watch?v=2Dw9QNH5KtU,female,,,,,,,False,unreviewed,,,,,
MultiSports,MultiSports:volleyball:v_4-EmEtrturE,train,volleyball,Women's Volleyball Pool B - BRA v TUR | London 2012 Olympics,https://www.youtube.com/watch?v=4-EmEtrturE,female,,,,,,,False,unreviewed,,,,,
MultiSports,MultiSports:volleyball:v_8rG1vjmJHr4,train,volleyball,Stanford vs. Wisconsin: 2019 NCAA women's volleyball national championship | FULL REPLAY,https://www.youtube.com/watch?v=8rG1vjmJHr4,female,,,,,,,False,unreviewed,,,,,
MultiSports,MultiSports:volleyball:v_9MHDmAMxO5I,test,volleyball,KOR vs. IND - Full Match | AVC Men's Tokyo Volleyball Qualification 2020,https://www.youtube.com/watch?v=9MHDmAMxO5I,male,,,,,,,False,unreviewed,,,,,
MultiSports,MultiSports:volleyball:v_9p0i81kAEwE,train,volleyball,Japan v Peru - 2016 Women's World Olympic Qualification Tournament,https://www.youtube.com/watch?v=9p0i81kAEwE,female,,,,,,,False,unreviewed,,,,,
MultiSports,MultiSports:volleyball:v_ApPxnw_Jffg,train,volleyball,Russia vs Turkey   Semifinal   2016 European Women's Volleyball Olympic Qualification,https://www.youtube.com/watch?v=ApPxnw_Jffg,female,,,,,,,False,unreviewed,,,,,
MultiSports,MultiSports:volleyball:v_CW0mQbgYIF4,test,volleyball,,https://www.youtube.com/watch?v=CW0mQbgYIF4,,,,,,,,False,unreviewed,,,,,
MultiSports,MultiSports:volleyball:v_Dk3EpDDa3o0,train,volleyball,Volleyball - Men -  BRA-RUS - London 2012 Olympic Games,https://www.youtube.com/watch?v=Dk3EpDDa3o0,male,,,,,,,False,unreviewed,,,,,
MultiSports,MultiSports:volleyball:v_Es9OUHAAadY,train,volleyball,France vs. Australia | Men's Volleyball World Olympic Qualifier 2016,https://www.youtube.com/watch?v=Es9OUHAAadY,male,,,,,,,False,unreviewed,,,,,
MultiSports,MultiSports:volleyball:v_Fsbu9m-6xQ4,test,volleyball,Women's Volleyball - Great Britain v Algeria Pool A - London 2012 Olympics,https://www.youtube.com/watch?v=Fsbu9m-6xQ4,female,,,,,,,False,unreviewed,,,,,
MultiSports,MultiSports:volleyball:v_HUFj2r755NE,train,volleyball,Volleyball - Russia vs Brazil - Men's Gold Final | London 2012 Olympic Games,https://www.youtube.com/watch?v=HUFj2r755NE,male,,,,,,,False,unreviewed,,,,,
MultiSports,MultiSports:volleyball:v_I-JwpyTOsaY,train,volleyball,Korea vs. Japan - FULL | Women's Volleyball World Olympic Qualifier 2016,https://www.youtube.com/watch?v=I-JwpyTOsaY,female,,,,,,,False,unreviewed,,,,,
MultiSports,MultiSports:volleyball:v_KLIa2UaE2KE,test,volleyball,Italy vs Brazil – Men's Volleyball Gold Medal Match at Rio 2016 | Throwback Thursday,https://www.youtube.com/watch?v=KLIa2UaE2KE,male,,,,,,,False,unreviewed,,,,,
MultiSports,MultiSports:volleyball:v_LKRhzMHr5Rs,train,volleyball,CANADA vs. CROATIA | Full Semi-Final | 2019 FIVB Women’s Volleyball Challenger Cup,https://www.youtube.com/watch?v=LKRhzMHr5Rs,female,,,,,,,False,unreviewed,,,,,
MultiSports,MultiSports:volleyball:v_OHbBSfD5UFQ,train,volleyball,Russia VS Japan Olympics 2016 Rio Volleyball,https://www.youtube.com/watch?v=OHbBSfD5UFQ,,,,,,,,False,unreviewed,,,,,
MultiSports,MultiSports:volleyball:v_UoIX44n61NY,train,volleyball,IRI vs. KOR - Full Match | AVC Men's Tokyo Volleyball Qualification 2020,https://www.youtube.com/watch?v=UoIX44n61NY,male,,,,,,,False,unreviewed,,,,,
MultiSports,MultiSports:volleyball:v_VOAdZR38jhI,train,volleyball,Russia vs Serbia - Rio 2016 Volleyball Women's Quarter Finals Full Match - BBC coverage,https://www.youtube.com/watch?v=VOAdZR38jhI,female,,,,,,,False,unreviewed,,,,,
MultiSports,MultiSports:volleyball:v_XyQ_bUUwby0,train,volleyball,Volleyball - Men -  USA-GER - London 2012 Olympic Games,https://www.youtube.com/watch?v=XyQ_bUUwby0,male,,,,,,,False,unreviewed,,,,,
MultiSports,MultiSports:volleyball:v_Y0SCvur8ZK0,test,volleyball,Women's Volleyball Pool A - ITA v JPN | London 2012 Olympics,https://www.youtube.com/watch?v=Y0SCvur8ZK0,female,,,,,,,False,unreviewed,,,,,
MultiSports,MultiSports:volleyball:v_Y7gg_sIUTz8,train,volleyball,Volleyball - Men ITA-BUL - London 2012 Olympic Games,https://www.youtube.com/watch?v=Y7gg_sIUTz8,male,,,,,,,False,unreviewed,,,,,
MultiSports,MultiSports:volleyball:v_aAb0psypDj4,test,volleyball,,https://www.youtube.com/watch?v=aAb0psypDj4,,,,,,,,False,unreviewed,,,,,
MultiSports,MultiSports:volleyball:v_bhWjlAEICp8,train,volleyball,Thailand v Peru - 2016 Women's World Olympic Qualification Tournament,https://www.youtube.com/watch?v=bhWjlAEICp8,female,,,,,,,False,unreviewed,,,,,
MultiSports,MultiSports:volleyball:v_cC2mHWqMcjk,train,volleyball,Volleyball - Men -  GBR vs BUL - London 2012 Olympic Games,https://www.youtube.com/watch?v=cC2mHWqMcjk,male,,,,,,,False,unreviewed,,,,,
MultiSports,MultiSports:volleyball:v_czYZnO9QxYQ,train,volleyball,Italy v Thailand - 2016 Women's World Olympic Qualification Tournament,https://www.youtube.com/watch?v=czYZnO9QxYQ,female,,,,,,,False,unreviewed,,,,,
MultiSports,MultiSports:volleyball:v_dChHNGIfm4Y,train,volleyball,Volleyball - Men SF 1 BUL-RUS - London 2012 Olympic Games,https://www.youtube.com/watch?v=dChHNGIfm4Y,male,,,,male,adult,,True,owner_video_reviewed,male,project_owner_video_review,2026-09-28,https://www.youtube.com/watch?v=dChHNGIfm4Y,pending
MultiSports,MultiSports:volleyball:v_eD0FWOubnCY,train,volleyball,Women's Volleyball - USA v Serbia Pool B Match - London 2012 Olympics,https://www.youtube.com/watch?v=eD0FWOubnCY,female,,,,,,,False,unreviewed,,,,,
MultiSports,MultiSports:volleyball:v_g34vS_2KvYY,test,volleyball,Volleyball - Men RUS-USA - London 2012 Olympic Games,https://www.youtube.com/watch?v=g34vS_2KvYY,male,,,,,,,False,unreviewed,,,,,
MultiSports,MultiSports:volleyball:v_gEjQ2Ttbs9M,test,volleyball,Women's Volleyball Pool B - USA v Brazil | London 2012 Olympics,https://www.youtube.com/watch?v=gEjQ2Ttbs9M,female,,,,,,,False,unreviewed,,,,,
MultiSports,MultiSports:volleyball:v_iCl_c9seFB0,train,volleyball,Italy vs. Netherlands - FULL | Women's Volleyball World Olympic Qualifier 2016,https://www.youtube.com/watch?v=iCl_c9seFB0,female,,,,,,,False,unreviewed,,,,,
MultiSports,MultiSports:volleyball:v_jY0OTTmEnhE,train,volleyball,Turkey vs Germany Finals - CEV Tokyo Volleyball European Qualification 2020 - Women,https://www.youtube.com/watch?v=jY0OTTmEnhE,female,,,,,,,False,unreviewed,,,,,
MultiSports,MultiSports:volleyball:v_lv3ZQfwvneg,train,volleyball,Volleyball - Women SF 2 BRA-JPN - London 2012 Olympic Games,https://www.youtube.com/watch?v=lv3ZQfwvneg,female,,,,,,,False,unreviewed,,,,,
MultiSports,MultiSports:volleyball:v_pY29uMQxscs,train,volleyball,USA vs Serbia - Rio 2016 Volleyball Women's Semi Finals Full Match - BBC coverage,https://www.youtube.com/watch?v=pY29uMQxscs,female,,,,,,,False,unreviewed,,,,,
MultiSports,MultiSports:volleyball:v_q3lBsTeWAHo,train,volleyball,2016/08/06 CHINA vs NETHERLAND | 2016 RIO OLYMPICS WOMEN'S VOLLEYBALL,https://www.youtube.com/watch?v=q3lBsTeWAHo,female,,,,,,,False,unreviewed,,,,,
MultiSports,MultiSports:volleyball:v_rAvkSZKlyVo,test,volleyball,Volleyball - Women GBR-DOM - London 2012 Olympic Games,https://www.youtube.com/watch?v=rAvkSZKlyVo,female,,,,,,,False,unreviewed,,,,,
MultiSports,MultiSports:volleyball:v_rJpwLtYDFck,train,volleyball,USA v China - Full Match - Semi Final | Women's VNL 2018,https://www.youtube.com/watch?v=rJpwLtYDFck,female,,,,,,,False,unreviewed,,,,,
MultiSports,MultiSports:volleyball:v_s1eojiWSM-s,train,volleyball,Women's Volleyball Pool B - CHN v KOR | London 2012 Olympics,https://www.youtube.com/watch?v=s1eojiWSM-s,female,,,,,,,False,unreviewed,,,,,
MultiSports,MultiSports:volleyball:v_so6vcZZLhLQ,train,volleyball,Women's Volleyball USA v Turkey - Pool B | London 2012 Olympics,https://www.youtube.com/watch?v=so6vcZZLhLQ,female,,,,,,,False,unreviewed,,,,,
MultiSports,MultiSports:volleyball:v_u6nObe9tyjk,train,volleyball,Women's Volleyball Final: China vs. Serbia - Rio 2016 Replay | Throwback Thursday,https://www.youtube.com/watch?v=u6nObe9tyjk,female,,,,,,,False,unreviewed,,,,,
MultiSports,MultiSports:volleyball:v_xd9oKtYYSGQ,test,volleyball,2016 Women's Volleyball Olympic Qualifier,https://www.youtube.com/watch?v=xd9oKtYYSGQ,female,,,,,,,False,unreviewed,,,,,
MultiSports,MultiSports:volleyball:v_zvVg4RxkekU,train,volleyball,Brazil Women beat USA for their first Volleyball Gold | Beijing 2008 | Throwback Thursday,https://www.youtube.com/watch?v=zvVg4RxkekU,female,,,,,,,False,unreviewed,,,,,
MUVY,MUVY:basketball:basketball_event_01,external_test,basketball,MUVY:basketball:basketball_event_01,,,,MUVY:basketball:basketball_event_01,,,,,False,unreviewed,,,,,
MUVY,MUVY:basketball:curry_game_winner_vs_okc_2016,external_test,basketball,MUVY:basketball:curry_game_winner_vs_okc_2016,,,,MUVY:basketball:curry_game_winner_vs_okc_2016,,,,,False,unreviewed,,,,,
MUVY,MUVY:basketball:curry_vs_houston_jan_21_2022,external_test,basketball,MUVY:basketball:curry_vs_houston_jan_21_2022,,,,MUVY:basketball:curry_vs_houston_jan_21_2022,,,,,False,unreviewed,,,,,
MUVY,MUVY:basketball:curry_vs_suns_feb_10_2024,external_test,basketball,MUVY:basketball:curry_vs_suns_feb_10_2024,,,,MUVY:basketball:curry_vs_suns_feb_10_2024,,,,,False,unreviewed,,,,,
MUVY,MUVY:basketball:dagger_vs_warriors_dec_01_2021,external_test,basketball,MUVY:basketball:dagger_vs_warriors_dec_01_2021,,,,MUVY:basketball:dagger_vs_warriors_dec_01_2021,,,,,False,unreviewed,,,,,
MUVY,MUVY:soccer:soccer_event_01,external_test,football,MUVY:soccer:soccer_event_01,,,,MUVY:soccer:soccer_event_01,,,,,False,unreviewed,,,,,
MUVY,MUVY:soccer:soccer_event_02,external_test,football,MUVY:soccer:soccer_event_02,,,,MUVY:soccer:soccer_event_02,,,,,False,unreviewed,,,,,
MUVY,MUVY:soccer:soccer_event_03,external_test,football,MUVY:soccer:soccer_event_03,,,,MUVY:soccer:soccer_event_03,,,,,False,unreviewed,,,,,
MUVY,MUVY:soccer:soccer_event_04,external_test,football,MUVY:soccer:soccer_event_04,,,,MUVY:soccer:soccer_event_04,,,,,False,unreviewed,,,,,
MUVY,MUVY:soccer:soccer_event_05,external_test,football,MUVY:soccer:soccer_event_05,,,,MUVY:soccer:soccer_event_05,,,,,False,unreviewed,,,,,
MUVY,MUVY:soccer:soccer_event_06,external_test,football,MUVY:soccer:soccer_event_06,,,,MUVY:soccer:soccer_event_06,,,,,False,unreviewed,,,,,
MUVY,MUVY:soccer:soccer_event_07,external_test,football,MUVY:soccer:soccer_event_07,,,,MUVY:soccer:soccer_event_07,,,,,False,unreviewed,,,,,
MUVY,MUVY:soccer:soccer_event_08,external_test,football,MUVY:soccer:soccer_event_08,,,,MUVY:soccer:soccer_event_08,,,,,False,unreviewed,,,,,
MUVY,MUVY:tennis:tennis_event_01,external_test,tennis,MUVY:tennis:tennis_event_01,,,,MUVY:tennis:tennis_event_01,,,,,False,unreviewed,,,,,
MUVY,MUVY:tennis:tennis_event_02,external_test,tennis,MUVY:tennis:tennis_event_02,,,,MUVY:tennis:tennis_event_02,,,,,False,unreviewed,,,,,
