clip_id,source_dataset,source_video_id,source_url,video_path,sport_label,candidate_gender,candidate_age,gender_category,age_category,license_url,duration_sec,bytes,split,review_status,quality_review_basis,age_detail_raw,label_source,reviewed_at,video_evidence_url,official_event_status,review_note,age_review_status,age_rule_url
IA:btvnj-Brookdale_Women_s_Basketball_vs_Northampton_16_February_2026:300-305,InternetArchive,IA:btvnj-Brookdale_Women_s_Basketball_vs_Northampton_16_February_2026,https://archive.org/details/btvnj-Brookdale_Women_s_Basketball_vs_Northampton_16_February_2026,data/processed/internet_archive_college_sample/basketball/btvnj-Brookdale_Women_s_Basketball_vs_Northampton_16_February_2026_300s_5s.mp4,basketball,female,,,,,5.006,162998,reject_quality,needs_resample_non_gameplay,midpoint_frame_of_5s_clip,,,,,,,,
IA:rpttvny-RPI_Men_s_Basketball_vs_St._Lawrence_University_Semifinals:300-305,InternetArchive,IA:rpttvny-RPI_Men_s_Basketball_vs_St._Lawrence_University_Semifinals,https://archive.org/details/rpttvny-RPI_Men_s_Basketball_vs_St._Lawrence_University_Semifinals,data/processed/internet_archive_college_sample/basketball/rpttvny-RPI_Men_s_Basketball_vs_St._Lawrence_University_Semifinals_300s_5s.mp4,basketball,male,,,,,5.0,297266,reject_quality,needs_resample_non_gameplay,midpoint_frame_of_5s_clip,,,,,,,,
IA:ccpamd-CSM_Men_s_Soccer_Game_CSM_vs_Carroll-QeHA7hLK6PQ:300-305,InternetArchive,IA:ccpamd-CSM_Men_s_Soccer_Game_CSM_vs_Carroll-QeHA7hLK6PQ,https://archive.org/details/ccpamd-CSM_Men_s_Soccer_Game_CSM_vs_Carroll-QeHA7hLK6PQ,data/processed/internet_archive_college_sample/football/ccpamd-CSM_Men_s_Soccer_Game_CSM_vs_Carroll-QeHA7hLK6PQ_300s_5s.mp4,football,male,,,,,5.0,43339,reject_quality,needs_resample_non_gameplay,midpoint_frame_of_5s_clip,,,,,,,,
IA:btvnj-Brookdale_Men_s_Volleyball_vs_Nassau_Community_College_25_February_2026:300-305,InternetArchive,IA:btvnj-Brookdale_Men_s_Volleyball_vs_Nassau_Community_College_25_February_2026,https://archive.org/details/btvnj-Brookdale_Men_s_Volleyball_vs_Nassau_Community_College_25_February_2026,data/processed/internet_archive_college_sample/volleyball/btvnj-Brookdale_Men_s_Volleyball_vs_Nassau_Community_College_25_February_2026_300s_5s.mp4,volleyball,male,,,,,5.006,70453,reject_quality,needs_resample_non_gameplay,midpoint_frame_of_5s_clip,,,,,,,,
IA:monica-puig-pur-vs-angelique-kerber-ger-womens-tennis-singles-final-rio-2016-olympics:300-305,InternetArchive,IA:monica-puig-pur-vs-angelique-kerber-ger-womens-tennis-singles-final-rio-2016-olympics,https://archive.org/details/monica-puig-pur-vs-angelique-kerber-ger-womens-tennis-singles-final-rio-2016-olympics,data/processed/internet_archive_college_sample/tennis/monica-puig-pur-vs-angelique-kerber-ger-womens-tennis-singles-final-rio-2016-olympics_300s_5s.mp4,tennis,female,,,,,5.0,43947,unlabeled_review,frame_checked_sport_visible,midpoint_frame_of_5s_clip,,,,,,,,
IA:pegtvvt-Castleton_vs._NVU_Lyndon_-_Men_s_Tennis_-_March_19_2022:99.424-104.424,InternetArchive,IA:pegtvvt-Castleton_vs._NVU_Lyndon_-_Men_s_Tennis_-_March_19_2022,https://archive.org/details/pegtvvt-Castleton_vs._NVU_Lyndon_-_Men_s_Tennis_-_March_19_2022,data/processed/internet_archive_college_sample/tennis/pegtvvt-Castleton_vs._NVU_Lyndon_-_Men_s_Tennis_-_March_19_2022_99.424s_5s.mp4,tennis,male,,,,,5.006,77690,unlabeled_review,frame_checked_sport_visible,midpoint_frame_of_5s_clip,,,,,,,,
IA:btvnj-Brookdale_Women_s_Basketball_vs_Northampton_16_February_2026:3067.76-3072.76,InternetArchive,IA:btvnj-Brookdale_Women_s_Basketball_vs_Northampton_16_February_2026,https://archive.org/details/btvnj-Brookdale_Women_s_Basketball_vs_Northampton_16_February_2026,data/processed/internet_archive_college_sample/basketball/btvnj-Brookdale_Women_s_Basketball_vs_Northampton_16_February_2026_3067.76s_5s.mp4,basketball,female,,,,,5.006,74855,reject_quality,rejected_non_gameplay,midpoint_frame_of_5s_clip,,,,,,,,
IA:rpttvny-RPI_Men_s_Basketball_vs_St._Lawrence_University_Semifinals:2275.02-2280.02,InternetArchive,IA:rpttvny-RPI_Men_s_Basketball_vs_St._Lawrence_University_Semifinals,https://archive.org/details/rpttvny-RPI_Men_s_Basketball_vs_St._Lawrence_University_Semifinals,data/processed/internet_archive_college_sample/basketball/rpttvny-RPI_Men_s_Basketball_vs_St._Lawrence_University_Semifinals_2275.02s_5s.mp4,basketball,male,,,,,5.0,290710,reject_quality,rejected_non_gameplay,midpoint_frame_of_5s_clip,,,,,,,,
IA:ccpamd-CSM_Men_s_Soccer_Game_CSM_vs_Carroll-QeHA7hLK6PQ:3638.65-3643.65,InternetArchive,IA:ccpamd-CSM_Men_s_Soccer_Game_CSM_vs_Carroll-QeHA7hLK6PQ,https://archive.org/details/ccpamd-CSM_Men_s_Soccer_Game_CSM_vs_Carroll-QeHA7hLK6PQ,data/processed/internet_archive_college_sample/football/ccpamd-CSM_Men_s_Soccer_Game_CSM_vs_Carroll-QeHA7hLK6PQ_3638.65s_5s.mp4,football,male,,,,,5.0,107819,reject_quality,rejected_non_gameplay,midpoint_frame_of_5s_clip,,,,,,,,
IA:btvnj-Brookdale_Men_s_Volleyball_vs_Nassau_Community_College_25_February_2026:2567.97-2572.97,InternetArchive,IA:btvnj-Brookdale_Men_s_Volleyball_vs_Nassau_Community_College_25_February_2026,https://archive.org/details/btvnj-Brookdale_Men_s_Volleyball_vs_Nassau_Community_College_25_February_2026,data/processed/internet_archive_college_sample/volleyball/btvnj-Brookdale_Men_s_Volleyball_vs_Nassau_Community_College_25_February_2026_2567.97s_5s.mp4,volleyball,male,,,,,5.006,129385,unlabeled_review,frame_checked_sport_visible,midpoint_frame_of_5s_clip,,,,,,,,
IA:pikevky-UPIKE_Women_s_Basketball_vs_Montreat_College_-_February_21_2026:2384.97-2389.97,InternetArchive,IA:pikevky-UPIKE_Women_s_Basketball_vs_Montreat_College_-_February_21_2026,https://archive.org/details/pikevky-UPIKE_Women_s_Basketball_vs_Montreat_College_-_February_21_2026,data/processed/internet_archive_college_sample/basketball/pikevky-UPIKE_Women_s_Basketball_vs_Montreat_College_-_February_21_2026_2384.97s_5s.mp4,basketball,female,,,,,5.006,256099,unlabeled_review,frame_checked_sport_visible,midpoint_frame_of_5s_clip,,,,,,,,
IA:btvnj-2_November_Men_s_Basketball_Northern_Essex_vs_Monroe:1793.54-1798.54,InternetArchive,IA:btvnj-2_November_Men_s_Basketball_Northern_Essex_vs_Monroe,https://archive.org/details/btvnj-2_November_Men_s_Basketball_Northern_Essex_vs_Monroe,data/processed/internet_archive_college_sample/basketball/btvnj-2_November_Men_s_Basketball_Northern_Essex_vs_Monroe_1793.54s_5s.mp4,basketball,male,,,,,5.006,219026,unlabeled_review,frame_checked_sport_visible,midpoint_frame_of_5s_clip,,,,,,,,
IA:btvnj-Brookdale_Women_s_Soccer_vs_Atlantic_Cape_11_October_2025:1828.7-1833.7,InternetArchive,IA:btvnj-Brookdale_Women_s_Soccer_vs_Atlantic_Cape_11_October_2025,https://archive.org/details/btvnj-Brookdale_Women_s_Soccer_vs_Atlantic_Cape_11_October_2025,data/processed/internet_archive_college_sample/football/btvnj-Brookdale_Women_s_Soccer_vs_Atlantic_Cape_11_October_2025_1828.7s_5s.mp4,football,female,,,,,5.006,99459,unlabeled_review,frame_checked_sport_visible,midpoint_frame_of_5s_clip,,,,,,,,
IA:btvnj-Brookdale_Men_s_Soccer_vs_Camden_College_11_October_2025:1974.3-1979.3,InternetArchive,IA:btvnj-Brookdale_Men_s_Soccer_vs_Camden_College_11_October_2025,https://archive.org/details/btvnj-Brookdale_Men_s_Soccer_vs_Camden_College_11_October_2025,data/processed/internet_archive_college_sample/football/btvnj-Brookdale_Men_s_Soccer_vs_Camden_College_11_October_2025_1974.3s_5s.mp4,football,male,,,,,5.006,133255,unlabeled_review,frame_checked_sport_visible,midpoint_frame_of_5s_clip,,,,,,,,
IA:ccpamd-CSM_vs_Monroe_University_Women_s_Volleyball:1786.58-1791.58,InternetArchive,IA:ccpamd-CSM_vs_Monroe_University_Women_s_Volleyball,https://archive.org/details/ccpamd-CSM_vs_Monroe_University_Women_s_Volleyball,data/processed/internet_archive_college_sample/volleyball/ccpamd-CSM_vs_Monroe_University_Women_s_Volleyball_1786.58s_5s.mp4,volleyball,female,,,,,5.0,35118,reject_quality,rejected_non_gameplay,midpoint_frame_of_5s_clip,,,,,,,,
IA:btvnj-Brookdale_Women_s_Volleyball_vs_Bergen_Community_College:2065.05-2070.05,InternetArchive,IA:btvnj-Brookdale_Women_s_Volleyball_vs_Bergen_Community_College,https://archive.org/details/btvnj-Brookdale_Women_s_Volleyball_vs_Bergen_Community_College,data/processed/internet_archive_college_sample/volleyball/btvnj-Brookdale_Women_s_Volleyball_vs_Bergen_Community_College_2065.05s_5s.mp4,volleyball,female,,,,,5.006,60919,reject_quality,rejected_non_gameplay,midpoint_frame_of_5s_clip,,,,,,,,
IA:ctv11co-CSU_Women_s_Volleyball_vs_Nevada:189.375-194.375,InternetArchive,IA:ctv11co-CSU_Women_s_Volleyball_vs_Nevada,https://archive.org/details/ctv11co-CSU_Women_s_Volleyball_vs_Nevada,data/processed/internet_archive_college_sample/volleyball/ctv11co-CSU_Women_s_Volleyball_vs_Nevada_189.375s_5s.mp4,volleyball,female,,,,,5.005,516277,unlabeled_review,frame_checked_sport_visible,midpoint_frame_of_5s_clip,,,,,,,,
