source_dataset,source_video_id,identifier,source_url,video_url,title,description,creator,date,license_url,sport_label,candidate_gender,candidate_age,gender_category,age_category,search_phrase,video_filename,video_bytes,video_duration_sec,review_status,error
InternetArchive,IA:gbect-10-16-25_Groton_Middle_School_Girls_Soccer_vs_Clark_Lane,gbect-10-16-25_Groton_Middle_School_Girls_Soccer_vs_Clark_Lane,https://archive.org/details/gbect-10-16-25_Groton_Middle_School_Girls_Soccer_vs_Clark_Lane,https://archive.org/download/gbect-10-16-25_Groton_Middle_School_Girls_Soccer_vs_Clark_Lane/10-16-25_Groton_Middle_School_Girls_Soccer_vs_Clark_Lane.mp4,10-16-25 Groton Middle School Girls Soccer vs Clark Lane,"Some copyrighted music may be blocked. To request the uncut version of any video, please reach out to our email:<br /><br />gps19@groton.k12.ct.us<br /><br />Within your request, be sure to include the link to the video, or provide its full title.",Groton Public Schools - GPS 19,2025-10-17,,football,female,junior,,,Middle School Girls Soccer,10-16-25_Groton_Middle_School_Girls_Soccer_vs_Clark_Lane.mp4,518948771,5072.52,unreviewed,
InternetArchive,IA:gbect-10-2-23_Groton_Middle_School_Girls_Soccer_vs._St._Bernard,gbect-10-2-23_Groton_Middle_School_Girls_Soccer_vs._St._Bernard,https://archive.org/details/gbect-10-2-23_Groton_Middle_School_Girls_Soccer_vs._St._Bernard,https://archive.org/download/gbect-10-2-23_Groton_Middle_School_Girls_Soccer_vs._St._Bernard/10-2-23_Groton_Middle_School_Girls_Soccer_vs._St._Bernard.mp4,10-2-23 Groton Middle School Girls Soccer vs. St. Bernard,"Some copyrighted music may be blocked. To request the uncut version of any video, please reach out to our email:<br /><br />gps19@groton.k12.ct.us<br /><br />Within your request, be sure to include the link to the video, or provide its full title.",Groton Public Schools - GPS 19,2023-10-26,,football,female,junior,,,Middle School Girls Soccer,10-2-23_Groton_Middle_School_Girls_Soccer_vs._St._Bernard.mp4,408923756,4254.83,unreviewed,
InternetArchive,IA:gbect-10-2-25_Groton_Middle_School_Girls_Soccer,gbect-10-2-25_Groton_Middle_School_Girls_Soccer,https://archive.org/details/gbect-10-2-25_Groton_Middle_School_Girls_Soccer,https://archive.org/download/gbect-10-2-25_Groton_Middle_School_Girls_Soccer/10-2-25_Groton_Middle_School_Girls_Soccer.mp4,10-2-25 Groton Middle School Girls Soccer,"Some copyrighted music may be blocked. To request the uncut version of any video, please reach out to our email:<br /><br />gps19@groton.k12.ct.us<br /><br />Within your request, be sure to include the link to the video, or provide its full title.",Groton Public Schools - GPS 19,2025-10-02,,football,female,junior,,,Middle School Girls Soccer,10-2-25_Groton_Middle_School_Girls_Soccer.mp4,467791260,4863.14,unreviewed,
InternetArchive,IA:gbect-10-24-23_Groton_Middle_School_Girls_Soccer_vs._ISAAC,gbect-10-24-23_Groton_Middle_School_Girls_Soccer_vs._ISAAC,https://archive.org/details/gbect-10-24-23_Groton_Middle_School_Girls_Soccer_vs._ISAAC,https://archive.org/download/gbect-10-24-23_Groton_Middle_School_Girls_Soccer_vs._ISAAC/10-24-23_Groton_Middle_School_Girls_Soccer_vs._ISAAC.mp4,10-24-23 Groton Middle School Girls Soccer vs. ISAAC,"Some copyrighted music may be blocked. To request the uncut version of any video, please reach out to our email:<br /><br />gps19@groton.k12.ct.us<br /><br />Within your request, be sure to include the link to the video, or provide its full title.",Groton Public Schools - GPS 19,2024-01-05,,football,female,junior,,,Middle School Girls Soccer,10-24-23_Groton_Middle_School_Girls_Soccer_vs._ISAAC.mp4,430573625,4270.99,unreviewed,
InternetArchive,IA:gbect-9-28-22_Groton_Middle_School_Girls_Soccer_vs._Westerly,gbect-9-28-22_Groton_Middle_School_Girls_Soccer_vs._Westerly,https://archive.org/details/gbect-9-28-22_Groton_Middle_School_Girls_Soccer_vs._Westerly,https://archive.org/download/gbect-9-28-22_Groton_Middle_School_Girls_Soccer_vs._Westerly/9-28-22_Groton_Middle_School_Girls_Soccer_vs._Westerly.mp4,9-28-22 Groton Middle School Girls Soccer vs. Westerly,"Some copyrighted music may be blocked. To request the uncut version of any video, please reach out to our email:<br /><br />gps19@groton.k12.ct.us<br /><br />Within your request, be sure to include the link to the video, or provide its full title.",Groton Public Schools - GPS 19,2023-09-21,,football,female,junior,,,Middle School Girls Soccer,9-28-22_Groton_Middle_School_Girls_Soccer_vs._Westerly.mp4,430448043,4255.1,unreviewed,
InternetArchive,IA:gbect-September_28_2022_Groton_Middle_School_Girls_Soccer_vs_Westerly,gbect-September_28_2022_Groton_Middle_School_Girls_Soccer_vs_Westerly,https://archive.org/details/gbect-September_28_2022_Groton_Middle_School_Girls_Soccer_vs_Westerly,https://archive.org/download/gbect-September_28_2022_Groton_Middle_School_Girls_Soccer_vs_Westerly/September_28_2022_Groton_Middle_School_Girls_Soccer_vs_Westerly.mp4,"September 28, 2022 Groton Middle School Girls Soccer vs Westerly","Some copyrighted music may be blocked. To request the uncut version of any video, please reach out to our email:<br /><br />gps19@groton.k12.ct.us<br /><br />Within your request, be sure to include the link to the video, or provide its full title.",Groton Public Schools - GPS 19,2023-08-18,,football,female,junior,,,Middle School Girls Soccer,September_28_2022_Groton_Middle_School_Girls_Soccer_vs_Westerly.mp4,430460690,4255.1,unreviewed,
InternetArchive,IA:lcpsva-Middle_school_girls_soccer_and_Centennial_boys_basketball,lcpsva-Middle_school_girls_soccer_and_Centennial_boys_basketball,https://archive.org/details/lcpsva-Middle_school_girls_soccer_and_Centennial_boys_basketball,https://archive.org/download/lcpsva-Middle_school_girls_soccer_and_Centennial_boys_basketball/Middle_school_girls_soccer_and_Centennial_boys_basketball.mp4,Middle school girls soccer and Centennial boys basketball,"Sights and sounds of middle school soccer matches, 2 - 2 -23. <br />Teams featured: Zia, White Sands, Lynn, Camino Real.  <br />Boys varsity basketball Alamogordo vs Centennial<br />Videography - Lily Ordonez, Centennial HS<br />#nmaa <br />#soccer <br />#hsbasketball",Loudoun County Public Schools,2023-02-03,,football,female,junior,,,Middle School Girls Soccer,Middle_school_girls_soccer_and_Centennial_boys_basketball.mp4,14767066,154.14,unreviewed,
InternetArchive,IA:gbect-10-7-24_Groton_Middle_School_Boys_Soccer_vs._Clark_Lane,gbect-10-7-24_Groton_Middle_School_Boys_Soccer_vs._Clark_Lane,https://archive.org/details/gbect-10-7-24_Groton_Middle_School_Boys_Soccer_vs._Clark_Lane,https://archive.org/download/gbect-10-7-24_Groton_Middle_School_Boys_Soccer_vs._Clark_Lane/10-7-24_Groton_Middle_School_Boys_Soccer_vs._Clark_Lane.mp4,10-7-24 Groton Middle School Boys Soccer vs. Clark Lane,"Some copyrighted music may be blocked. To request the uncut version of any video, please reach out to our email:<br /><br />gps19@groton.k12.ct.us<br /><br />Within your request, be sure to include the link to the video, or provide its full title.",Groton Public Schools - GPS 19,2024-10-09,,football,male,junior,,,Middle School Boys Soccer,10-7-24_Groton_Middle_School_Boys_Soccer_vs._Clark_Lane.mp4,407917599,4087.39,unreviewed,
InternetArchive,IA:gbect-9-22-25_Groton_Middle_School_Boys_Soccer_vs._Clark_Lane,gbect-9-22-25_Groton_Middle_School_Boys_Soccer_vs._Clark_Lane,https://archive.org/details/gbect-9-22-25_Groton_Middle_School_Boys_Soccer_vs._Clark_Lane,https://archive.org/download/gbect-9-22-25_Groton_Middle_School_Boys_Soccer_vs._Clark_Lane/9-22-25_Groton_Middle_School_Boys_Soccer_vs._Clark_Lane.mp4,9-22-25 Groton Middle School Boys Soccer vs. Clark Lane,"Some copyrighted music may be blocked. To request the uncut version of any video, please reach out to our email:<br /><br />gps19@groton.k12.ct.us<br /><br />Within your request, be sure to include the link to the video, or provide its full title.",Groton Public Schools - GPS 19,2025-09-23,,football,male,junior,,,Middle School Boys Soccer,9-22-25_Groton_Middle_School_Boys_Soccer_vs._Clark_Lane.mp4,437855035,4404.27,unreviewed,
InternetArchive,IA:gbect-9-29-22_Groton_Middle_School_Boys_Soccer_vs._Kelly_Middle,gbect-9-29-22_Groton_Middle_School_Boys_Soccer_vs._Kelly_Middle,https://archive.org/details/gbect-9-29-22_Groton_Middle_School_Boys_Soccer_vs._Kelly_Middle,https://archive.org/download/gbect-9-29-22_Groton_Middle_School_Boys_Soccer_vs._Kelly_Middle/9-29-22_Groton_Middle_School_Boys_Soccer_vs._Kelly_Middle.mp4,9-29-22 Groton Middle School Boys Soccer vs. Kelly Middle,"Some copyrighted music may be blocked. To request the uncut version of any video, please reach out to our email:<br /><br />gps19@groton.k12.ct.us<br /><br />Within your request, be sure to include the link to the video, or provide its full title.",Groton Public Schools - GPS 19,2023-09-21,,football,male,junior,,,Middle School Boys Soccer,9-29-22_Groton_Middle_School_Boys_Soccer_vs._Kelly_Middle.mp4,344757457,3417.77,unreviewed,
InternetArchive,IA:gbect-9-29-25_Groton_Middle_School_Boys_Soccer_vs._Norwich,gbect-9-29-25_Groton_Middle_School_Boys_Soccer_vs._Norwich,https://archive.org/details/gbect-9-29-25_Groton_Middle_School_Boys_Soccer_vs._Norwich,https://archive.org/download/gbect-9-29-25_Groton_Middle_School_Boys_Soccer_vs._Norwich/9-29-25_Groton_Middle_School_Boys_Soccer_vs._Norwich.mp4,9-29-25 Groton Middle School Boys Soccer vs. Norwich,"Some copyrighted music may be blocked. To request the uncut version of any video, please reach out to our email:<br /><br />gps19@groton.k12.ct.us<br /><br />Within your request, be sure to include the link to the video, or provide its full title.",Groton Public Schools - GPS 19,2025-10-01,,football,male,junior,,,Middle School Boys Soccer,9-29-25_Groton_Middle_School_Boys_Soccer_vs._Norwich.mp4,377990245,3928.86,unreviewed,
InternetArchive,IA:gbect-September_22_2022_Groton_Middle_School_Boys_Soccer_vs_Kelly_MS,gbect-September_22_2022_Groton_Middle_School_Boys_Soccer_vs_Kelly_MS,https://archive.org/details/gbect-September_22_2022_Groton_Middle_School_Boys_Soccer_vs_Kelly_MS,https://archive.org/download/gbect-September_22_2022_Groton_Middle_School_Boys_Soccer_vs_Kelly_MS/September_22_2022_Groton_Middle_School_Boys_Soccer_vs_Kelly_MS.mp4,"September 22, 2022 Groton Middle School Boys Soccer vs Kelly MS","Some copyrighted music may be blocked. To request the uncut version of any video, please reach out to our email:<br /><br />gps19@groton.k12.ct.us<br /><br />Within your request, be sure to include the link to the video, or provide its full title.",Groton Public Schools - GPS 19,2023-08-09,,football,male,junior,,,Middle School Boys Soccer,September_22_2022_Groton_Middle_School_Boys_Soccer_vs_Kelly_MS.mp4,344758571,3417.77,unreviewed,
InternetArchive,IA:youtube-fCuw2ujtDFo,youtube-fCuw2ujtDFo,https://archive.org/details/youtube-fCuw2ujtDFo,https://archive.org/download/youtube-fCuw2ujtDFo/fCuw2ujtDFo.mp4,middle school boys soccer team defeats division I womens soccer team,"The debate over biological differences between men and women is increasingly treated as controversial—but reality has a way of asserting itself.<br /><br />After the University of Washington D1 women’s soccer team reportedly lost to a middle school boys team, the conversation reignited around one uncomfortable fact: men and women are physically different, especially when it comes to strength, speed, explosiveness, and athletic performance.<br /><br />Rise Right explores why that reality shouldn’t be surprising, why acknowledging biological differences is not an insult to women, and why modern culture increasingly struggles to admit what previous generations considered obvious.<br /><br />The point is not that women are inferior athletes. The women involved were elite competitors by female standards. The point is that pretending men and women are physically interchangeable ultimately creates confusion, unrealistic expectations, and unfair comparisons.<br /><br />Subscribe for more reasonable content and watch Rise Right LIVE every morning at 7AM ET!",Rise Right,2026-05-21,,football,male,junior,,,Middle School Boys Soccer,fCuw2ujtDFo.mp4,7568299,77.34,unreviewed,
