clip_id,source_dataset,source_video_id,event_id,video_path,original_label,sport_label,gender_category,age_category,sport_label_source,gender_label_source,age_label_source,duration_sec,fps,width,height,split
multisports:basketball:v_f6a3B499nwY_c004,MultiSports,MultiSports:basketball:v_f6a3B499nwY,,data/processed/multisports_train_sample/basketball/v_f6a3B499nwY_c004.mp4,basketball,basketball,,,MultiSports archive directory,,,31.0,25.0,1280,720,train_candidate
multisports:basketball:v_bQNDRprvpus_c001,MultiSports,MultiSports:basketball:v_bQNDRprvpus,,data/processed/multisports_train_sample/basketball/v_bQNDRprvpus_c001.mp4,basketball,basketball,,,MultiSports archive directory,,,32.08,25.0,1280,720,train_candidate
multisports:basketball:v_HBJ9u9B1v3A_c009,MultiSports,MultiSports:basketball:v_HBJ9u9B1v3A,,data/processed/multisports_train_sample/basketball/v_HBJ9u9B1v3A_c009.mp4,basketball,basketball,,,MultiSports archive directory,,,23.0,25.0,1280,720,train_candidate
multisports:basketball:v_5ekaksddqrc_c009,MultiSports,MultiSports:basketball:v_5ekaksddqrc,,data/processed/multisports_train_sample/basketball/v_5ekaksddqrc_c009.mp4,basketball,basketball,,,MultiSports archive directory,,,7.0,25.0,1280,720,train_candidate
multisports:basketball:v_InvO0NFpSIw_c001,MultiSports,MultiSports:basketball:v_InvO0NFpSIw,,data/processed/multisports_train_sample/basketball/v_InvO0NFpSIw_c001.mp4,basketball,basketball,,,MultiSports archive directory,,,35.0,25.0,1280,720,train_candidate
multisports:basketball:v_lkZY0naa0-o_c004,MultiSports,MultiSports:basketball:v_lkZY0naa0-o,,data/processed/multisports_train_sample/basketball/v_lkZY0naa0-o_c004.mp4,basketball,basketball,,,MultiSports archive directory,,,19.0,25.0,1280,720,train_candidate
multisports:basketball:v_BdD9xu0E2H4_c604,MultiSports,MultiSports:basketball:v_BdD9xu0E2H4,,data/processed/multisports_train_sample/basketball/v_BdD9xu0E2H4_c604.mp4,basketball,basketball,,,MultiSports archive directory,,,10.0,25.0,1280,720,train_candidate
multisports:basketball:v_JbiWR0AWKys_c007,MultiSports,MultiSports:basketball:v_JbiWR0AWKys,,data/processed/multisports_train_sample/basketball/v_JbiWR0AWKys_c007.mp4,basketball,basketball,,,MultiSports archive directory,,,11.0,25.0,1280,720,train_candidate
multisports:basketball:v_EGtCLk5BksU_c604,MultiSports,MultiSports:basketball:v_EGtCLk5BksU,,data/processed/multisports_train_sample/basketball/v_EGtCLk5BksU_c604.mp4,basketball,basketball,,,MultiSports archive directory,,,15.0,25.0,1280,720,train_candidate
multisports:basketball:v_6OLC1-bhioc_c004,MultiSports,MultiSports:basketball:v_6OLC1-bhioc,,data/processed/multisports_train_sample/basketball/v_6OLC1-bhioc_c004.mp4,basketball,basketball,,,MultiSports archive directory,,,10.0,25.0,1280,720,train_candidate
multisports:football:v_J5X35yHt878_c003,MultiSports,MultiSports:football:v_J5X35yHt878,,data/processed/multisports_train_sample/football/v_J5X35yHt878_c003.mp4,football,football,,,MultiSports archive directory,,,11.04,25.0,1280,720,train_candidate
multisports:football:v_a4Lt_hJdvNY_c011,MultiSports,MultiSports:football:v_a4Lt_hJdvNY,,data/processed/multisports_train_sample/football/v_a4Lt_hJdvNY_c011.mp4,football,football,,,MultiSports archive directory,,,4.0,25.0,1280,720,train_candidate
multisports:football:v_COtwS_2SWIo_c600,MultiSports,MultiSports:football:v_COtwS_2SWIo,,data/processed/multisports_train_sample/football/v_COtwS_2SWIo_c600.mp4,football,football,,,MultiSports archive directory,,,19.0,25.0,1280,720,train_candidate
multisports:football:v_8Ndq_1uw98w_c044,MultiSports,MultiSports:football:v_8Ndq_1uw98w,,data/processed/multisports_train_sample/football/v_8Ndq_1uw98w_c044.mp4,football,football,,,MultiSports archive directory,,,4.0,25.0,1280,720,train_candidate
multisports:football:v_2ChiYdg5bxI_c044,MultiSports,MultiSports:football:v_2ChiYdg5bxI,,data/processed/multisports_train_sample/football/v_2ChiYdg5bxI_c044.mp4,football,football,,,MultiSports archive directory,,,44.0,25.0,1280,720,train_candidate
multisports:football:v_4f6xLy4pop0_c033,MultiSports,MultiSports:football:v_4f6xLy4pop0,,data/processed/multisports_train_sample/football/v_4f6xLy4pop0_c033.mp4,football,football,,,MultiSports archive directory,,,33.04,25.0,1280,720,train_candidate
multisports:football:v_k3qLNiFAISI_c008,MultiSports,MultiSports:football:v_k3qLNiFAISI,,data/processed/multisports_train_sample/football/v_k3qLNiFAISI_c008.mp4,football,football,,,MultiSports archive directory,,,9.04,25.0,1280,720,train_candidate
multisports:football:v_07uuHJ9yXBw_c044,MultiSports,MultiSports:football:v_07uuHJ9yXBw,,data/processed/multisports_train_sample/football/v_07uuHJ9yXBw_c044.mp4,football,football,,,MultiSports archive directory,,,20.0,25.0,1280,720,train_candidate
multisports:football:v_5OJfbYQtKtk_c045,MultiSports,MultiSports:football:v_5OJfbYQtKtk,,data/processed/multisports_train_sample/football/v_5OJfbYQtKtk_c045.mp4,football,football,,,MultiSports archive directory,,,36.0,25.0,1280,720,train_candidate
multisports:football:v_04WltVKrWJI_c001,MultiSports,MultiSports:football:v_04WltVKrWJI,,data/processed/multisports_train_sample/football/v_04WltVKrWJI_c001.mp4,football,football,,,MultiSports archive directory,,,32.04,25.0,1280,720,train_candidate
multisports:volleyball:v_lv3ZQfwvneg_c011,MultiSports,MultiSports:volleyball:v_lv3ZQfwvneg,,data/processed/multisports_train_sample/volleyball/v_lv3ZQfwvneg_c011.mp4,volleyball,volleyball,,,MultiSports archive directory,,,8.0,25.0,1280,720,train_candidate
multisports:volleyball:v_9p0i81kAEwE_c006,MultiSports,MultiSports:volleyball:v_9p0i81kAEwE,,data/processed/multisports_train_sample/volleyball/v_9p0i81kAEwE_c006.mp4,volleyball,volleyball,,,MultiSports archive directory,,,10.0,25.0,1280,720,train_candidate
multisports:volleyball:v_Dk3EpDDa3o0_c004,MultiSports,MultiSports:volleyball:v_Dk3EpDDa3o0,,data/processed/multisports_train_sample/volleyball/v_Dk3EpDDa3o0_c004.mp4,volleyball,volleyball,,,MultiSports archive directory,,,9.0,25.0,1280,720,train_candidate
multisports:volleyball:v_Es9OUHAAadY_c016,MultiSports,MultiSports:volleyball:v_Es9OUHAAadY,,data/processed/multisports_train_sample/volleyball/v_Es9OUHAAadY_c016.mp4,volleyball,volleyball,,,MultiSports archive directory,,,5.0,25.0,1280,720,train_candidate
multisports:volleyball:v_aAb0psypDj4_c005,MultiSports,MultiSports:volleyball:v_aAb0psypDj4,,data/processed/multisports_train_sample/volleyball/v_aAb0psypDj4_c005.mp4,volleyball,volleyball,,,MultiSports archive directory,,,9.0,25.0,1280,720,train_candidate
multisports:volleyball:v_u6nObe9tyjk_c007,MultiSports,MultiSports:volleyball:v_u6nObe9tyjk,,data/processed/multisports_train_sample/volleyball/v_u6nObe9tyjk_c007.mp4,volleyball,volleyball,,,MultiSports archive directory,,,5.0,25.0,1280,720,train_candidate
multisports:volleyball:v_cC2mHWqMcjk_c008,MultiSports,MultiSports:volleyball:v_cC2mHWqMcjk,,data/processed/multisports_train_sample/volleyball/v_cC2mHWqMcjk_c008.mp4,volleyball,volleyball,,,MultiSports archive directory,,,11.0,25.0,1280,720,train_candidate
multisports:volleyball:v_g34vS_2KvYY_c004,MultiSports,MultiSports:volleyball:v_g34vS_2KvYY,,data/processed/multisports_train_sample/volleyball/v_g34vS_2KvYY_c004.mp4,volleyball,volleyball,,,MultiSports archive directory,,,7.0,25.0,1280,720,train_candidate
multisports:volleyball:v_LKRhzMHr5Rs_c003,MultiSports,MultiSports:volleyball:v_LKRhzMHr5Rs,,data/processed/multisports_train_sample/volleyball/v_LKRhzMHr5Rs_c003.mp4,volleyball,volleyball,,,MultiSports archive directory,,,5.0,25.0,1280,720,train_candidate
multisports:volleyball:v_VOAdZR38jhI_c013,MultiSports,MultiSports:volleyball:v_VOAdZR38jhI,,data/processed/multisports_train_sample/volleyball/v_VOAdZR38jhI_c013.mp4,volleyball,volleyball,,,MultiSports archive directory,,,9.0,25.0,1280,720,train_candidate
