sport_label,youtube_id,source_video_url,source_split,title,channel,metadata_status,gender_category,age_category,label_evidence_url,review_status
aerobic_gymnastics,-hyYa8ijq-8,https://www.youtube.com/watch?v=-hyYa8ijq-8,train,"Finland 2 (FIN) - 2018 Aerobic Worlds, Guimaraes (POR) - Trio Qualifications",World Gymnastics Channel,200,,,,unreviewed
aerobic_gymnastics,4RKB-3ER_GA,https://www.youtube.com/watch?v=4RKB-3ER_GA,test,"REPLAY: 2017 Aerobics Europeans - Senior FINAL Mixed Pairs, plus medal ceremony",europeangymnastics,200,,,,unreviewed
aerobic_gymnastics,7G_IpU0FxLU,https://www.youtube.com/watch?v=7G_IpU0FxLU,test,Trio France - Aerobic World Age Group 2012,World Gymnastics Channel,200,,,,unreviewed
aerobic_gymnastics,9B5Dqi_0DQ8,https://www.youtube.com/watch?v=9B5Dqi_0DQ8,test,Aerobic Gumnastics Cup Plovdiv 2017 Day One Part 13,SAGITARIUS DD,200,,,,unreviewed
aerobic_gymnastics,Ahg4VNTbKaM,https://www.youtube.com/watch?v=Ahg4VNTbKaM,test,"2018 Aerobic Worlds, Guimaraes (POR) - Highlights MIXED PAIR and TRIO - We Are Gymnastics !",World Gymnastics Channel,200,,,,unreviewed
aerobic_gymnastics,B_8AlGXZlzc,https://www.youtube.com/watch?v=B_8AlGXZlzc,train,Ginástica: Taça do Mundo Aeróbica Cantanhede 2018,PCCA,200,,,,unreviewed
aerobic_gymnastics,C4eLCcBhKhQ,https://www.youtube.com/watch?v=C4eLCcBhKhQ,train,"REPLAY: 2017 Aerobics Europeans - Junior FINAL Trios, plus medal ceremony",europeangymnastics,200,,,,unreviewed
aerobic_gymnastics,CoAiZeQaVCc,https://www.youtube.com/watch?v=CoAiZeQaVCc,test,Ginástica: Taça Mundo e Open Aeróbica Cantanhede - 31/03/2019,PCCA,200,,,,unreviewed
aerobic_gymnastics,Dxk7BeJQJKA,https://www.youtube.com/watch?v=Dxk7BeJQJKA,train,Trio Romania 2 - Aerobic World Age Group 2012,World Gymnastics Channel,200,,,,unreviewed
aerobic_gymnastics,FkJYI60Jabc,https://www.youtube.com/watch?v=FkJYI60Jabc,train,Giải vô địch thể dục Aerobic châu Á 2015 - Ngày3 - Phần 1,HTV Thể Thao,200,,,,unreviewed
aerobic_gymnastics,HIow7_XktlQ,https://www.youtube.com/watch?v=HIow7_XktlQ,test,Aerobic Gumnastics Cup Plovdiv 2017 Day One Part 12,SAGITARIUS DD,200,,,,unreviewed
aerobic_gymnastics,IzrY6nmu9H4,https://www.youtube.com/watch?v=IzrY6nmu9H4,train,Aerobic Gumnastics Cup Plovdiv 2017 Day One Part 14,SAGITARIUS DD,200,,,,unreviewed
aerobic_gymnastics,MpKpjb7EamM,https://www.youtube.com/watch?v=MpKpjb7EamM,train,FULL REPLAY - 2016 Aerobic Gymnastics Worlds - Finals Day 2,World Gymnastics Channel,200,,,,unreviewed
aerobic_gymnastics,NzCihhjR_NE,https://www.youtube.com/watch?v=NzCihhjR_NE,train,Campionatul European de Gimnastica Aerobica 2011,Dan Mares,200,,,,unreviewed
aerobic_gymnastics,QIegMo0DW9E,https://www.youtube.com/watch?v=QIegMo0DW9E,train,"REPLAY: 2017 Aerobics Europeans - Senior FINAL Groups, plus medal ceremony",europeangymnastics,200,,,,unreviewed
aerobic_gymnastics,RC53wgodTfM,https://www.youtube.com/watch?v=RC53wgodTfM,train,"Argentina 2 (ARG) - 2018 Aerobic Worlds, Guimaraes (POR) - Trio Qualifications",World Gymnastics Channel,200,,,,unreviewed
aerobic_gymnastics,_wAgwttPYaQ,https://www.youtube.com/watch?v=_wAgwttPYaQ,train,REPLAY - 2019 Aerobics Europeans - Junior Groups final,europeangymnastics,200,,,,unreviewed
aerobic_gymnastics,a-aY9mRiQ6k,https://www.youtube.com/watch?v=a-aY9mRiQ6k,train,"Italy 1 (ITA) - 2018 Aerobic Worlds, Guimaraes (POR) - Trio Qualifications",World Gymnastics Channel,200,,,,unreviewed
aerobic_gymnastics,aqMgwPExjD0,https://www.youtube.com/watch?v=aqMgwPExjD0,train,Mixed Pair Hungary - Aerobic World Age Group 2012,World Gymnastics Channel,200,,,,unreviewed
aerobic_gymnastics,b591rCDAtto,https://www.youtube.com/watch?v=b591rCDAtto,train,,,404,,,,unreviewed
aerobic_gymnastics,bCn6Sm5QAis,https://www.youtube.com/watch?v=bCn6Sm5QAis,train,Trio GREECE - Aerobic Worlds 2012,World Gymnastics Channel,200,,,,unreviewed
aerobic_gymnastics,bO3skTgn_Ek,https://www.youtube.com/watch?v=bO3skTgn_Ek,train,Aerobic Gumnastics Cup Plovdiv 2017 Day One Part 4,SAGITARIUS DD,200,,,,unreviewed
aerobic_gymnastics,bZc2Ruw3ZfE,https://www.youtube.com/watch?v=bZc2Ruw3ZfE,train,Ginástica: Open Aeróbica Cantanhede 2017,PCCA,200,,,,unreviewed
aerobic_gymnastics,bp5XtTLjH20,https://www.youtube.com/watch?v=bp5XtTLjH20,train,"France (FRA) - 2018 Aerobic Worlds, Guimaraes (POR) - Trio Qualifications",World Gymnastics Channel,200,,,,unreviewed
aerobic_gymnastics,crsi07chcV8,https://www.youtube.com/watch?v=crsi07chcV8,test,FIG WORLD CHAMPIONSHIP REPLAY: 2018 Aerobic Gymnastics Mixed pairs Final,World Gymnastics Channel,200,,,,unreviewed
aerobic_gymnastics,dFYr67eNMwA,https://www.youtube.com/watch?v=dFYr67eNMwA,test,"2015 Aerobic Junior European, Elvas (POR) – Group Final",europeangymnastics,200,,,,unreviewed
aerobic_gymnastics,dQ_KbVVgj00,https://www.youtube.com/watch?v=dQ_KbVVgj00,train,Trio Japan - Aerobic World Age Group 2012,World Gymnastics Channel,200,,,,unreviewed
aerobic_gymnastics,dRwGPD_Ep_I,https://www.youtube.com/watch?v=dRwGPD_Ep_I,train,"Czech Republic 2 (CZE) - 2018 Aerobic Worlds, Guimaraes (POR) - Trio Qualifications",World Gymnastics Channel,200,,,,unreviewed
aerobic_gymnastics,dYSKJ4VdD9k,https://www.youtube.com/watch?v=dYSKJ4VdD9k,train,Trio Russia 2 - Aerobic World Age Group 2012,World Gymnastics Channel,200,,,,unreviewed
aerobic_gymnastics,fCc2IXTBIxw,https://www.youtube.com/watch?v=fCc2IXTBIxw,train,Giải vô địch thể dục Aerobic châu Á 2015 - Ngày 2 - Phần 2,HTV Thể Thao,200,,,,unreviewed
aerobic_gymnastics,yaKOumdXwbU,https://www.youtube.com/watch?v=yaKOumdXwbU,train,FULL REPLAY - 2016 Aerobic Gymnastics Worlds - Finals Day 1,World Gymnastics Channel,200,,,,unreviewed
basketball,-6Os86HzwCs,https://www.youtube.com/watch?v=-6Os86HzwCs,test,Australia v Philippines - Full Game - FIBA Women's Asia Cup 2019,FIBA Basketball,200,,,,unreviewed
basketball,-9kabh1K8UA,https://www.youtube.com/watch?v=-9kabh1K8UA,train,USA vs Australia Exhibition Full Game 22.8.2019 | USA Basketball 2019,NBA REPLAY,200,,,,unreviewed
basketball,00HRwkvvjtQ,https://www.youtube.com/watch?v=00HRwkvvjtQ,train,Kentucky vs. Wichita State: 2014 NCAA tournament | FULL GAME,March Madness,200,,,,unreviewed
basketball,2BhBRkkAqbQ,https://www.youtube.com/watch?v=2BhBRkkAqbQ,train,USA vs Australia Game 2 | Full Game 24.8.2019 | USA Basketball 2019,NBA REPLAY,200,,,,unreviewed
basketball,2j7kLB-vEEk,https://www.youtube.com/watch?v=2j7kLB-vEEk,test,NBA Miami Heat vs Golden State Warriors 14.01.17,Miami Heat Channel,200,,,,unreviewed
basketball,42VrMbd68Zg,https://www.youtube.com/watch?v=42VrMbd68Zg,train,,,404,,,,unreviewed
basketball,4LXTUim5anY,https://www.youtube.com/watch?v=4LXTUim5anY,test,NBA LA Lakers@New Orleans Pelicans 2016.02.04 - Full Game,SHINSTAR LIVE,200,,,,unreviewed
basketball,4nikeBZNYRE,https://www.youtube.com/watch?v=4nikeBZNYRE,test,Philippines v India - Group E - Full Game - 2015 FIBA Asia Championship,FIBA Basketball,200,,,,unreviewed
basketball,4r8QL_wglzQ,https://www.youtube.com/watch?v=4r8QL_wglzQ,train,Philippines v Palestine - Group B - Full Game - 2015 FIBA Asia Championship,FIBA Basketball,200,,,,unreviewed
basketball,5ekaksddqrc,https://www.youtube.com/watch?v=5ekaksddqrc,train,Australia v USA - Full Game - Final - FIBA Women's Basketball World Cup 2018,FIBA Basketball,200,,,,unreviewed
basketball,6OLC1-bhioc,https://www.youtube.com/watch?v=6OLC1-bhioc,train,"New Orleans Pelicans at Cleveland Cavaliers - Jan 2, 2017 -",Culvi,200,,,,unreviewed
basketball,6oTxfzKdG6Q,https://www.youtube.com/watch?v=6oTxfzKdG6Q,test,Iran v Japan - Full Game - FIBA Basketball World Cup 2019 - Asian Qualifiers,FIBA Basketball,200,,,,unreviewed
basketball,7FTsO8S3h88,https://www.youtube.com/watch?v=7FTsO8S3h88,train,Texas Tech vs. Gonzaga: 2019 Elite Eight | FULL GAME,March Madness,200,,,,unreviewed
basketball,82WN8C8qJmI,https://www.youtube.com/watch?v=82WN8C8qJmI,test,South Carolina vs. Duke: 2017 NCAA tournament | FULL GAME,March Madness,200,,,,unreviewed
basketball,A4OJhlI6hgc,https://www.youtube.com/watch?v=A4OJhlI6hgc,train,Indonesia v Philippines - Full Game - FIBA Asia Cup 2021 Qualifiers,FIBA Basketball,200,,,,unreviewed
basketball,BdD9xu0E2H4,https://www.youtube.com/watch?v=BdD9xu0E2H4,train,Turkey made their presence known vs. Japan - Full Game - FIBA Basketball World Cup 2019,FIBA Basketball,200,,,,unreviewed
basketball,BgwzTUxJaeU,https://www.youtube.com/watch?v=BgwzTUxJaeU,train,USA 🇺🇸 vs Russia 🇷🇺 - Classic Full Game | FIBA Basketball World Cup 2010,FIBA Basketball,200,,,,unreviewed
basketball,C94HDW9HYzU,https://www.youtube.com/watch?v=C94HDW9HYzU,train,USA 🇺🇸 vs Lithuania 🇱🇹 - Classic Full Games | FIBA Basketball World Cup 2010,FIBA Basketball,200,,,,unreviewed
basketball,DC3D_JZQUqQ,https://www.youtube.com/watch?v=DC3D_JZQUqQ,test,USA vs CANADA Full Game 26.8.2019 | USA Basketball 2019,NBA REPLAY,200,,,,unreviewed
basketball,EGtCLk5BksU,https://www.youtube.com/watch?v=EGtCLk5BksU,train,Men's Basketball Quarter-Finals - FRA v ESP | London 2012 Olympics,Olympic Games,200,,,,unreviewed
basketball,ERsBxGv2JxY,https://www.youtube.com/watch?v=ERsBxGv2JxY,train,Basketball - Men SF 2 USA-ARG - London 2012 Olympic Games,Olympic Games,200,,,,unreviewed
basketball,FH9KE8FSmig,https://www.youtube.com/watch?v=FH9KE8FSmig,train,Basketball - Men -  USA-FRA - London 2012 Olympic Games,Olympic Games,200,,,,unreviewed
basketball,HBJ9u9B1v3A,https://www.youtube.com/watch?v=HBJ9u9B1v3A,train,Argentina v Italy - Men's Basketball Final | Athens 2004 Replays,Olympic Games,200,,,,unreviewed
basketball,I-tZTTBt3rc,https://www.youtube.com/watch?v=I-tZTTBt3rc,test,China 🇨🇳 vs Poland 🇵🇱 - Classic Full Games | FIBA Basketball World Cup 2019,FIBA Basketball,200,,,,unreviewed
basketball,InvO0NFpSIw,https://www.youtube.com/watch?v=InvO0NFpSIw,train,Turkey v Russia - Women's Basketball Quarter-Final - Full Replay | London 2012 Replays,Olympic Games,200,,,,unreviewed
basketball,It_vvQR6RPM,https://www.youtube.com/watch?v=It_vvQR6RPM,test,Basketball - Women CHN-USA - London 2012 Olympic Games,Olympic Games,200,,,,unreviewed
basketball,JbiWR0AWKys,https://www.youtube.com/watch?v=JbiWR0AWKys,train,Team USA outlast the Turkish effort in OT! - Full Game - FIBA Basketball World Cup 2019,FIBA Basketball,200,,,,unreviewed
basketball,K5PFNpiP5aY,https://www.youtube.com/watch?v=K5PFNpiP5aY,train,USA v Argentina - Men's Basketball Semi-Final | Athens 2004 Replays,Olympic Games,200,,,,unreviewed
basketball,SHFVKZ6HJc8,https://www.youtube.com/watch?v=SHFVKZ6HJc8,test,Basketball - Women USA-TUR - London 2012 Olympic Games,Olympic Games,200,,,,unreviewed
basketball,UPbRcF0SSo0,https://www.youtube.com/watch?v=UPbRcF0SSo0,train,UConn at Tennessee  - 1/21/21,MJL243,200,,,,unreviewed
basketball,V4tIg2zSbWU,https://www.youtube.com/watch?v=V4tIg2zSbWU,train,Latvia v China - Full Game - FIBA Women's Basketball World Cup 2018,FIBA Basketball,200,,,,unreviewed
basketball,aVfJwdQxCsU,https://www.youtube.com/watch?v=aVfJwdQxCsU,train,Philippines v Iraq - Full Game - Asia Cup 2017,FIBA Basketball,200,,,,unreviewed
basketball,bQNDRprvpus,https://www.youtube.com/watch?v=bQNDRprvpus,train,Brazil vs USA Full Game 2012 Olympic Basketball,NBA REPLAY,200,,,,unreviewed
basketball,cLvwGLrAheU,https://www.youtube.com/watch?v=cLvwGLrAheU,train,Philippines v Iran - Full Game - FIBA Basketball World Cup 2019 - Asian Qualifiers,FIBA Basketball,200,,,,unreviewed
basketball,en2wx__oWmE,https://www.youtube.com/watch?v=en2wx__oWmE,train,France v Philippines - Full Game - 2016 FIBA Olympic Qualifying Tournament - Philippines,FIBA Basketball,200,,,,unreviewed
basketball,f6a3B499nwY,https://www.youtube.com/watch?v=f6a3B499nwY,train,USA v Nigeria - USA Break Olympic Points Record - Men's Basketball Group A | London 2012 Olympics,Olympic Games,200,,,,unreviewed
basketball,fL2LfHQIwsY,https://www.youtube.com/watch?v=fL2LfHQIwsY,train,Basketball - Men Bronze Final ARG-RUS - London 2012 Olympic Games,Olympic Games,200,,,,unreviewed
basketball,gdtetu4nnZc,https://www.youtube.com/watch?v=gdtetu4nnZc,train,USA 🇺🇸 vs Serbia 🇷🇸 | FIBA Basketball World Cup 2014 Final,FIBA Basketball,200,,,,unreviewed
basketball,hDBjIvCw7Kk,https://www.youtube.com/watch?v=hDBjIvCw7Kk,test,Basketball Men's Preliminary Round Group B Spain v Brazil - Full Replay | London 2012 Olympics,Olympic Games,200,,,,unreviewed
basketball,iO0QqaR5E24,https://www.youtube.com/watch?v=iO0QqaR5E24,test,Golden State Warriors vs. Orlando Magic 2/25-16,Buckshot L64,200,,,,unreviewed
basketball,icDf81dWZHw,https://www.youtube.com/watch?v=icDf81dWZHw,train,Angola v Philippines was a tough fought battle! - Full Game - FIBA Basketball World Cup 2019,FIBA Basketball,200,,,,unreviewed
basketball,jZY5cZWGWKE,https://www.youtube.com/watch?v=jZY5cZWGWKE,train,USA v Spain - Full Men's Basketball Final | Beijing 2008 Replays,Olympic Games,200,,,,unreviewed
basketball,jZj2UkglB9E,https://www.youtube.com/watch?v=jZj2UkglB9E,test,Kentucky vs. Kansas: 2012 National Championship | FULL GAME,March Madness,200,,,,unreviewed
basketball,kguAFIlDI4E,https://www.youtube.com/watch?v=kguAFIlDI4E,test,USA 🆚 Spain - Women's Basketball Gold Medal Match | Rio 2016 Replays,Olympic Games,200,,,,unreviewed
basketball,l4OIaX8_D10,https://www.youtube.com/watch?v=l4OIaX8_D10,train,Japan v Philippines - Semi-Final - Full Game - 2015 FIBA Asia Championship,FIBA Basketball,200,,,,unreviewed
basketball,l9wUr-CK1Y4,https://www.youtube.com/watch?v=l9wUr-CK1Y4,train,Basketball - USA vs Spain - Men's Gold Final | London 2012 Olympic Games,Olympic Games,200,,,,unreviewed
basketball,lkZY0naa0-o,https://www.youtube.com/watch?v=lkZY0naa0-o,train,Guangzhou Long-Lions vs Philadelphia 76ers Full Game 10.8.2019,NBA REPLAY,200,,,,unreviewed
basketball,rYquruzj9hc,https://www.youtube.com/watch?v=rYquruzj9hc,train,China v USA - Full Game - FIBA Women's Basketball World Cup 2018,FIBA Basketball,200,,,,unreviewed
football,-hhDbvY5aAM,https://www.youtube.com/watch?v=-hhDbvY5aAM,test,FULL REPLAY | Leeds United 1-3 Norwich City | The Canaries go top after win at Elland Road | 2019,Norwich City Football Club,200,,,,unreviewed
football,04WltVKrWJI,https://www.youtube.com/watch?v=04WltVKrWJI,train,Tottenham v. Manchester United | PREMIER LEAGUE HIGHLIGHTS | 6/19/2020 | NBC Sports,NBC Sports,200,,,,unreviewed
football,07uuHJ9yXBw,https://www.youtube.com/watch?v=07uuHJ9yXBw,test,FULL GAME | Liverpool and Manchester City play out thrilling League Cup Semi-Final second leg!,EFL,200,,,,unreviewed
football,0mcffpH2VTw,https://www.youtube.com/watch?v=0mcffpH2VTw,train,Premier League Classics: Chelsea v. Arsenal | CONDENSED MATCH | 8/18/18 | NBC SPORTS,NBC Sports,200,,,,unreviewed
football,1yHWGw8DH4A,https://www.youtube.com/watch?v=1yHWGw8DH4A,test,RB Leipzig 4-5 Bayern München - FULL Match - Bundesliga 2017 Advent Calendar 24,Bundesliga,200,,,,unreviewed
football,2ChiYdg5bxI,https://www.youtube.com/watch?v=2ChiYdg5bxI,train,Crystal Palace 1-2 Manchester United (AET) | Full Match | Emirates FA Cup Classic | FA Cup 2015/16,The Emirates FA Cup,200,,,,unreviewed
football,2QhNRucNC7E,https://www.youtube.com/watch?v=2QhNRucNC7E,train,Dortmund vs. Schalke - Full Bundesliga Match 2015/16 - Bundesliga 2018 Advent Calendar 24,Bundesliga,200,,,,unreviewed
football,3Y44y1TC3Gk,https://www.youtube.com/watch?v=3Y44y1TC3Gk,train,FC Bayern vs. Wolfsburg - Lewandowski’s 5 Goals in 9 Minutes | FULL GAME 15/16 | Advent Calendar 24,Bundesliga,200,,,,unreviewed
football,3fYpcapas0k,https://www.youtube.com/watch?v=3fYpcapas0k,train,Germany v Mexico | 2018 FIFA World Cup | Full Match,FIFA,200,,,,unreviewed
football,4f6xLy4pop0,https://www.youtube.com/watch?v=4f6xLy4pop0,train,Brazil v France | 2006 FIFA World Cup | Full Match,FIFA,200,,,,unreviewed
football,5OJfbYQtKtk,https://www.youtube.com/watch?v=5OJfbYQtKtk,train,Brazil v Belgium | 2018 FIFA World Cup | Full Match,FIFA,200,,,,unreviewed
football,5uBLdpt5-oU,https://www.youtube.com/watch?v=5uBLdpt5-oU,train,RE-LIVE | Leeds United 1-0 West Bromwich Albion | EFL Championship | 30 November 2019,Leeds United Official,200,,,,unreviewed
football,7kWJSZRlItU,https://www.youtube.com/watch?v=7kWJSZRlItU,test,Premier League Classics: Everton v. Liverpool | CONDENSED MATCH | 11/23/13 | NBC SPORTS,NBC Sports,200,,,,unreviewed
football,8Ndq_1uw98w,https://www.youtube.com/watch?v=8Ndq_1uw98w,test,Borussia Mönchengladbach vs. FC Bayern München | Full Game | Matchday 11- 2010/11 Season,Bundesliga,200,,,,unreviewed
football,8szWGZUtwEM,https://www.youtube.com/watch?v=8szWGZUtwEM,train,Cameroon 0-5 Brazil -Women's Football Group E | London 2012 Olympics,Olympic Games,200,,,,unreviewed
football,9wLBkU3fs0k,https://www.youtube.com/watch?v=9wLBkU3fs0k,train,RE-LIVE | Huddersfield Town 0-2 Leeds United | EFL Championship | 7 December 2019,Leeds United Official,200,,,,unreviewed
football,Bo-kfNR027s,https://www.youtube.com/watch?v=Bo-kfNR027s,train,Tottenham v. Leicester City | PREMIER LEAGUE HIGHLIGHTS | 7/19/2020 | NBC Sports,NBC Sports,200,,,,unreviewed
football,COtwS_2SWIo,https://www.youtube.com/watch?v=COtwS_2SWIo,train,Full Match | Arsenal FC vs. FC Bayern 2-1 | International Champions Cup 2019,FC Bayern München,200,,,,unreviewed
football,DjtFlW2eHFI,https://www.youtube.com/watch?v=DjtFlW2eHFI,test,Real Madrid Vs Barcelona Full match 3-1,3bdulmajeed,200,,,,unreviewed
football,FFdQL8Ljrag,https://www.youtube.com/watch?v=FFdQL8Ljrag,train,Premier League Classics: Man United v. Liverpool | CONDENSED MATCH | 12/14/14 | NBC SPORTS,NBC Sports,200,,,,unreviewed
football,FXVTSQSSBqI,https://www.youtube.com/watch?v=FXVTSQSSBqI,train,USA v Japan | 2015 FIFA Women's World Cup Final | Full Match,FIFA,200,,,,unreviewed
football,G-vNjfx1GGc,https://www.youtube.com/watch?v=G-vNjfx1GGc,train,FULL REPLAY | Norwich City 3-1 Ipswich Town | Canaries Victorious in Play-Off Semi! | 2015,Norwich City Football Club,200,,,,unreviewed
football,GGhhbMOp6yY,https://www.youtube.com/watch?v=GGhhbMOp6yY,train,Full Bundesliga Match: Gladbach vs. Bayern - Bundesliga 2016 Advent Calendar 24,Bundesliga,200,,,,unreviewed
football,IATp4zy18jA,https://www.youtube.com/watch?v=IATp4zy18jA,test,Football - Women SF FRA-JPN - London 2012 Olympic Games,Olympic Games,200,,,,unreviewed
football,IOeGNAMz2ek,https://www.youtube.com/watch?v=IOeGNAMz2ek,train,RE-LIVE | Leeds United 4-0 Middlesbrough | 30 November 2019,Leeds United Official,200,,,,unreviewed
football,ITo3sCnpw_k,https://www.youtube.com/watch?v=ITo3sCnpw_k,test,Premier League Classics: Tottenham v. Arsenal | CONDENSED MATCH | 4/30/17 | NBC SPORTS,NBC Sports,200,,,,unreviewed
football,IW0q3RA_O7g,https://www.youtube.com/watch?v=IW0q3RA_O7g,train,Liverpool v. Chelsea | PREMIER LEAGUE HIGHLIGHTS | 7/22/2020 | NBC Sports,NBC Sports,200,,,,unreviewed
football,J5X35yHt878,https://www.youtube.com/watch?v=J5X35yHt878,train,Tottenham v. West Ham United | PREMIER LEAGUE HIGHLIGHTS | 6/23/20 | NBC Sports,NBC Sports,200,,,,unreviewed
football,KxBv_sS443w,https://www.youtube.com/watch?v=KxBv_sS443w,train,Manchester United v. Southampton | PREMIER LEAGUE HIGHLIGHTS | 7/13/2020 | NBC Sports,NBC Sports,200,,,,unreviewed
football,Lv217AejzQg,https://www.youtube.com/watch?v=Lv217AejzQg,train,Colombia 0-2 DPR Korea - Women's Football Group G | London 2012 Olympics,Olympic Games,200,,,,unreviewed
football,U8AcLO8xmkg,https://www.youtube.com/watch?v=U8AcLO8xmkg,test,France v Brazil | 2019 FIFA Women's World Cup | Full Match,FIFA,200,,,,unreviewed
football,UAbX7wld9vg,https://www.youtube.com/watch?v=UAbX7wld9vg,train,Brazil v USA | 2011 FIFA Women's World Cup | Full Match,FIFA,200,,,,unreviewed
football,ZcFbmdCxDhQ,https://www.youtube.com/watch?v=ZcFbmdCxDhQ,train,06.03.20 - Australia v Vietnam - Women's Olympic Tournament Play Off - Full Match,Football Australia,200,,,,unreviewed
football,a-FbBlvBkSE,https://www.youtube.com/watch?v=a-FbBlvBkSE,test,Raul earns Wolves a point! | Arsenal 1-1 Wolves | Extended highlights,Wolves,200,,,,unreviewed
football,a4Lt_hJdvNY,https://www.youtube.com/watch?v=a4Lt_hJdvNY,train,Netherlands v Mexico | 2014 FIFA World Cup | Full Match,FIFA,200,,,,unreviewed
football,aQawj_MHBu0,https://www.youtube.com/watch?v=aQawj_MHBu0,train,Real Madrid 3-7 Atlético Madrid - Madrid Derby 2019 Full Match | ICC2019,House of Soccer,200,,,,unreviewed
football,bzgW-jpfuNA,https://www.youtube.com/watch?v=bzgW-jpfuNA,train,10.02.20 - Thailand v Australia - Women's Olympic Football Tournament Qualifier - Full Match,Football Australia,200,,,,unreviewed
football,dw7LOz17Omg,https://www.youtube.com/watch?v=dw7LOz17Omg,train,,,401,,,,unreviewed
football,eMdTsex8Cyw,https://www.youtube.com/watch?v=eMdTsex8Cyw,train,Germany v England | 2010 FIFA World Cup | Full Match,FIFA,200,,,,unreviewed
football,ervkVzoFJ5w,https://www.youtube.com/watch?v=ervkVzoFJ5w,train,Belgium v Japan | 2018 FIFA World Cup | Full Match,FIFA,200,,,,unreviewed
football,foGDoBblREI,https://www.youtube.com/watch?v=foGDoBblREI,test,RE-LIVE | Birmingham City 4-5 Leeds United | 29 December 2019,Leeds United Official,200,,,,unreviewed
football,gLZ4F6tU8M4,https://www.youtube.com/watch?v=gLZ4F6tU8M4,train,FC Bayern vs. SK Slavia Praha 5-1 | UEFA Women's Champions League 2018/19 - Quarter-Final | ReLive,FC Bayern München,200,,,,unreviewed
football,gQNyhv8y0QY,https://www.youtube.com/watch?v=gQNyhv8y0QY,train,Honduras 2-2 Morocco - Men's Football Group D | London 2012 Olympics,Olympic Games,200,,,,unreviewed
football,iIxMOsCGH58,https://www.youtube.com/watch?v=iIxMOsCGH58,train,Brighton v. Manchester United | PREMIER LEAGUE HIGHLIGHTS | 6/30/2020 | NBC Sports,NBC Sports,200,,,,unreviewed
football,k3qLNiFAISI,https://www.youtube.com/watch?v=k3qLNiFAISI,train,Manchester City v. Liverpool | PREMIER LEAGUE HIGHLIGHTS | 7/2/2020 | NBC Sports,NBC Sports,200,,,,unreviewed
football,kEyqyYJhIIg,https://www.youtube.com/watch?v=kEyqyYJhIIg,train,FC Bayern vs. Real Madrid 3-1 | Full Match | International Champions Cup 2019,FC Bayern München,200,,,,unreviewed
football,nCBFmf-_52o,https://www.youtube.com/watch?v=nCBFmf-_52o,train,,,404,,,,unreviewed
football,x5s8xTl_Ecw,https://www.youtube.com/watch?v=x5s8xTl_Ecw,test,Football - USA vs Japan - Women's Gold Final | London 2012 Olympic Games,Olympic Games,200,,,,unreviewed
volleyball,0kUtTtmLaJA,https://www.youtube.com/watch?v=0kUtTtmLaJA,train,,,404,,,,unreviewed
volleyball,1LwtoLPw2TU,https://www.youtube.com/watch?v=1LwtoLPw2TU,train,Volleyball - Men  BRA-USA & GBR-ITA - London 2012 Olympic Games,Olympic Games,200,,,,unreviewed
volleyball,2Dnx8BpgUEs,https://www.youtube.com/watch?v=2Dnx8BpgUEs,test,Men's Volleyball - Poland v Bulgaria Pool A | London 2012 Olympics,Olympic Games,200,,,,unreviewed
volleyball,2Dw9QNH5KtU,https://www.youtube.com/watch?v=2Dw9QNH5KtU,train,Korea v Thailand - 2016 Women's World Olympic Qualification Tournament,Volleyball World,200,,,,unreviewed
volleyball,4-EmEtrturE,https://www.youtube.com/watch?v=4-EmEtrturE,train,Women's Volleyball Pool B - BRA v TUR | London 2012 Olympics,Olympic Games,200,,,,unreviewed
volleyball,8rG1vjmJHr4,https://www.youtube.com/watch?v=8rG1vjmJHr4,train,Stanford vs. Wisconsin: 2019 NCAA women's volleyball national championship | FULL REPLAY,NCAA Championships,200,,,,unreviewed
volleyball,9MHDmAMxO5I,https://www.youtube.com/watch?v=9MHDmAMxO5I,test,KOR vs. IND - Full Match | AVC Men's Tokyo Volleyball Qualification 2020,Volleyball World,200,,,,unreviewed
volleyball,9p0i81kAEwE,https://www.youtube.com/watch?v=9p0i81kAEwE,train,Japan v Peru - 2016 Women's World Olympic Qualification Tournament,Volleyball World,200,,,,unreviewed
volleyball,ApPxnw_Jffg,https://www.youtube.com/watch?v=ApPxnw_Jffg,train,Russia vs Turkey   Semifinal   2016 European Women's Volleyball Olympic Qualification,valencam,200,,,,unreviewed
volleyball,CW0mQbgYIF4,https://www.youtube.com/watch?v=CW0mQbgYIF4,test,,,404,,,,unreviewed
volleyball,Dk3EpDDa3o0,https://www.youtube.com/watch?v=Dk3EpDDa3o0,train,Volleyball - Men -  BRA-RUS - London 2012 Olympic Games,Olympic Games,200,,,,unreviewed
volleyball,Es9OUHAAadY,https://www.youtube.com/watch?v=Es9OUHAAadY,train,France vs. Australia | Men's Volleyball World Olympic Qualifier 2016,Volleyball World,200,,,,unreviewed
volleyball,Fsbu9m-6xQ4,https://www.youtube.com/watch?v=Fsbu9m-6xQ4,test,Women's Volleyball - Great Britain v Algeria Pool A - London 2012 Olympics,Olympic Games,200,,,,unreviewed
volleyball,HUFj2r755NE,https://www.youtube.com/watch?v=HUFj2r755NE,train,Volleyball - Russia vs Brazil - Men's Gold Final | London 2012 Olympic Games,Olympic Games,200,,,,unreviewed
volleyball,I-JwpyTOsaY,https://www.youtube.com/watch?v=I-JwpyTOsaY,train,Korea vs. Japan - FULL | Women's Volleyball World Olympic Qualifier 2016,Volleyball World,200,,,,unreviewed
volleyball,KLIa2UaE2KE,https://www.youtube.com/watch?v=KLIa2UaE2KE,test,Italy vs Brazil – Men's Volleyball Gold Medal Match at Rio 2016 | Throwback Thursday,Olympic Games,200,,,,unreviewed
volleyball,LKRhzMHr5Rs,https://www.youtube.com/watch?v=LKRhzMHr5Rs,train,CANADA vs. CROATIA | Full Semi-Final | 2019 FIVB Women’s Volleyball Challenger Cup,Volleyball World,200,,,,unreviewed
volleyball,OHbBSfD5UFQ,https://www.youtube.com/watch?v=OHbBSfD5UFQ,train,Russia VS Japan Olympics 2016 Rio Volleyball,me,200,,,,unreviewed
volleyball,UoIX44n61NY,https://www.youtube.com/watch?v=UoIX44n61NY,train,IRI vs. KOR - Full Match | AVC Men's Tokyo Volleyball Qualification 2020,Volleyball World,200,,,,unreviewed
volleyball,VOAdZR38jhI,https://www.youtube.com/watch?v=VOAdZR38jhI,train,Russia vs Serbia - Rio 2016 Volleyball Women's Quarter Finals Full Match - BBC coverage,Goran Arsić,200,,,,unreviewed
volleyball,XyQ_bUUwby0,https://www.youtube.com/watch?v=XyQ_bUUwby0,train,Volleyball - Men -  USA-GER - London 2012 Olympic Games,Olympic Games,200,,,,unreviewed
volleyball,Y0SCvur8ZK0,https://www.youtube.com/watch?v=Y0SCvur8ZK0,test,Women's Volleyball Pool A - ITA v JPN | London 2012 Olympics,Olympic Games,200,,,,unreviewed
volleyball,Y7gg_sIUTz8,https://www.youtube.com/watch?v=Y7gg_sIUTz8,train,Volleyball - Men ITA-BUL - London 2012 Olympic Games,Olympic Games,200,,,,unreviewed
volleyball,aAb0psypDj4,https://www.youtube.com/watch?v=aAb0psypDj4,test,,,401,,,,unreviewed
volleyball,bhWjlAEICp8,https://www.youtube.com/watch?v=bhWjlAEICp8,train,Thailand v Peru - 2016 Women's World Olympic Qualification Tournament,Volleyball World,200,,,,unreviewed
volleyball,cC2mHWqMcjk,https://www.youtube.com/watch?v=cC2mHWqMcjk,train,Volleyball - Men -  GBR vs BUL - London 2012 Olympic Games,Olympic Games,200,,,,unreviewed
volleyball,czYZnO9QxYQ,https://www.youtube.com/watch?v=czYZnO9QxYQ,train,Italy v Thailand - 2016 Women's World Olympic Qualification Tournament,Volleyball World,200,,,,unreviewed
volleyball,dChHNGIfm4Y,https://www.youtube.com/watch?v=dChHNGIfm4Y,train,Volleyball - Men SF 1 BUL-RUS - London 2012 Olympic Games,Olympic Games,200,,,,unreviewed
volleyball,eD0FWOubnCY,https://www.youtube.com/watch?v=eD0FWOubnCY,train,Women's Volleyball - USA v Serbia Pool B Match - London 2012 Olympics,Olympic Games,200,,,,unreviewed
volleyball,g34vS_2KvYY,https://www.youtube.com/watch?v=g34vS_2KvYY,test,Volleyball - Men RUS-USA - London 2012 Olympic Games,Olympic Games,200,,,,unreviewed
volleyball,gEjQ2Ttbs9M,https://www.youtube.com/watch?v=gEjQ2Ttbs9M,test,Women's Volleyball Pool B - USA v Brazil | London 2012 Olympics,Olympic Games,200,,,,unreviewed
volleyball,iCl_c9seFB0,https://www.youtube.com/watch?v=iCl_c9seFB0,train,Italy vs. Netherlands - FULL | Women's Volleyball World Olympic Qualifier 2016,Volleyball World,200,,,,unreviewed
volleyball,jY0OTTmEnhE,https://www.youtube.com/watch?v=jY0OTTmEnhE,train,Turkey vs Germany Finals - CEV Tokyo Volleyball European Qualification 2020 - Women,European Volleyball,200,,,,unreviewed
volleyball,lv3ZQfwvneg,https://www.youtube.com/watch?v=lv3ZQfwvneg,train,Volleyball - Women SF 2 BRA-JPN - London 2012 Olympic Games,Olympic Games,200,,,,unreviewed
volleyball,pY29uMQxscs,https://www.youtube.com/watch?v=pY29uMQxscs,train,USA vs Serbia - Rio 2016 Volleyball Women's Semi Finals Full Match - BBC coverage,Goran Arsić,200,,,,unreviewed
volleyball,q3lBsTeWAHo,https://www.youtube.com/watch?v=q3lBsTeWAHo,train,2016/08/06 CHINA vs NETHERLAND | 2016 RIO OLYMPICS WOMEN'S VOLLEYBALL,CHERRY HILL,200,,,,unreviewed
volleyball,rAvkSZKlyVo,https://www.youtube.com/watch?v=rAvkSZKlyVo,test,Volleyball - Women GBR-DOM - London 2012 Olympic Games,Olympic Games,200,,,,unreviewed
volleyball,rJpwLtYDFck,https://www.youtube.com/watch?v=rJpwLtYDFck,train,USA v China - Full Match - Semi Final | Women's VNL 2018,Volleyball World,200,,,,unreviewed
volleyball,s1eojiWSM-s,https://www.youtube.com/watch?v=s1eojiWSM-s,train,Women's Volleyball Pool B - CHN v KOR | London 2012 Olympics,Olympic Games,200,,,,unreviewed
volleyball,so6vcZZLhLQ,https://www.youtube.com/watch?v=so6vcZZLhLQ,train,Women's Volleyball USA v Turkey - Pool B | London 2012 Olympics,Olympic Games,200,,,,unreviewed
volleyball,u6nObe9tyjk,https://www.youtube.com/watch?v=u6nObe9tyjk,train,Women's Volleyball Final: China vs. Serbia - Rio 2016 Replay | Throwback Thursday,Olympic Games,200,,,,unreviewed
volleyball,xd9oKtYYSGQ,https://www.youtube.com/watch?v=xd9oKtYYSGQ,test,2016 Women's Volleyball Olympic Qualifier,Team USA,200,,,,unreviewed
volleyball,zvVg4RxkekU,https://www.youtube.com/watch?v=zvVg4RxkekU,train,Brazil Women beat USA for their first Volleyball Gold | Beijing 2008 | Throwback Thursday,Olympic Games,200,,,,unreviewed
