clip_id,source_dataset,source_video_id,event_id,video_path,original_label,sport_label,gender_category,age_category,source_split,duration_sec,bytes,split,review_status,source_url,source_period,source_camera,quality_review_basis,age_detail_raw,label_source,reviewed_at,video_evidence_url,official_event_status,review_note,age_review_status,age_rule_url
MUVS:naperville_youth_match_20240608:30-35,MUVS,MUVS:naperville_youth_match_20240608,MUVS:naperville_youth_match_20240608,data/processed/muvs_sample/basketball/naperville_youth_match_20240608_30s_5s.mp4,basketball,basketball,male,youth,test,5.009,334816,unlabeled_review,frame_checked_sport_visible,,,,midpoint_frame_of_5s_clip,юноши,project_owner_visual_review,2026-09-28,https://storage.googleapis.com/dataset-ugv-sports/public/RAW_DATA/basketball/naperville_youth_match_20240608/cam_1/VIDEOS/P5/video.mp4,pending,"Баскетбол, мужчины, юноши; возрастная категория проекта youth; оценка по видео, регламент не проверен",visual_confirmed,
MUVS:naperville_kids_match_20240608:60-65,MUVS,MUVS:naperville_kids_match_20240608,MUVS:naperville_kids_match_20240608,data/processed/muvs_sample/basketball/naperville_kids_match_20240608_60s_5s.mp4,basketball,basketball,male,youth,test,5.004,286550,reject_quality,needs_resample_non_gameplay,,,,midpoint_frame_of_5s_clip,дети,project_owner_visual_review,2026-09-28,https://storage.googleapis.com/dataset-ugv-sports/public/RAW_DATA/basketball/naperville_kids_match_20240608/cam_1/VIDEOS/P3/video.mp4,pending,"Баскетбол, мужчины, дети; оба возрастных подтипа проекта входят в youth; оценка по видео, регламент не проверен",visual_confirmed,
MUVS:naperville_little_kids_match_20240608:60-65,MUVS,MUVS:naperville_little_kids_match_20240608,MUVS:naperville_little_kids_match_20240608,data/processed/muvs_sample/basketball/naperville_little_kids_match_20240608_60s_5s.mp4,basketball,basketball,,,test,5.003,334035,unlabeled_review,frame_checked_sport_visible,,,,midpoint_frame_of_5s_clip,,,,,,,,
MUVS:naperville_youth_match_20240608:60-65,MUVS,MUVS:naperville_youth_match_20240608,MUVS:naperville_youth_match_20240608,data/processed/muvs_sample/basketball/naperville_youth_match_20240608_60s_5s.mp4,basketball,basketball,male,youth,test,5.009,436168,unlabeled_review,frame_checked_sport_visible,,,,midpoint_frame_of_5s_clip,юноши,project_owner_visual_review,2026-09-28,https://storage.googleapis.com/dataset-ugv-sports/public/RAW_DATA/basketball/naperville_youth_match_20240608/cam_1/VIDEOS/P5/video.mp4,pending,"Баскетбол, мужчины, юноши; возрастная категория проекта youth; оценка по видео, регламент не проверен",visual_confirmed,
MUVS:naperville_fem_youth_match_20240608:60-65,MUVS,MUVS:naperville_fem_youth_match_20240608,MUVS:naperville_fem_youth_match_20240608,data/processed/muvs_sample/basketball/naperville_fem_youth_match_20240608_60s_5s.mp4,basketball,basketball,female,youth,train,5.01,294788,unlabeled_review,frame_checked_sport_visible,,,,midpoint_frame_of_5s_clip,до 18 лет,project_owner_visual_review,2026-09-29,data/processed/muvs_sample/basketball/naperville_fem_youth_match_20240608_60s_5s.mp4,pending,"Пользователь ответил «да»: женский юношеский баскетбол; визуальный просмотр, регламент не проверен",visual_confirmed,
MUVS:naperville_kids_soccer_match_20240608:60-65,MUVS,MUVS:naperville_kids_soccer_match_20240608,MUVS:naperville_kids_soccer_match_20240608,data/processed/muvs_sample/football/naperville_kids_soccer_match_20240608_60s_5s.mp4,football,football,male,youth,train,5.016,498811,reject_quality,needs_resample_non_gameplay,,,,midpoint_frame_of_5s_clip,до 18 лет,project_owner_visual_review,2026-09-29,data/processed/muvs_sample/football/naperville_kids_soccer_match_20240608_130s_5s.mp4,pending,"Пользователь: мальчики до 18 лет; визуальный просмотр, регламент не проверен",visual_confirmed,
MUVS:waukegan_field_house_kids_bucks_vs_rockford_20240615:60-65,MUVS,MUVS:waukegan_field_house_kids_bucks_vs_rockford_20240615,MUVS:waukegan_field_house_kids_bucks_vs_rockford_20240615,data/processed/muvs_sample/basketball/waukegan_field_house_kids_bucks_vs_rockford_20240615_60s_5s.mp4,basketball,basketball,,,train,5.033,285311,reject_quality,needs_resample_non_gameplay,,,,midpoint_frame_of_5s_clip,,,,,,,,
MUVS:ChicagoFireFC_vs_AtlantaUnited_20240727:60-65,MUVS,MUVS:ChicagoFireFC_vs_AtlantaUnited_20240727,MUVS:ChicagoFireFC_vs_AtlantaUnited_20240727,data/processed/muvs_sample/football/ChicagoFireFC_vs_AtlantaUnited_20240727_60s_5s.mp4,football,football,,,test,5.012,395149,unlabeled_review,frame_checked_sport_visible,,,,midpoint_frame_of_5s_clip,,,,,,,,
MUVS:chicagoSky_vs_seattleStorm_20240528:60-65,MUVS,MUVS:chicagoSky_vs_seattleStorm_20240528,MUVS:chicagoSky_vs_seattleStorm_20240528,data/processed/muvs_sample/basketball/chicagoSky_vs_seattleStorm_20240528_60s_5s.mp4,basketball,basketball,,,test,5.006,747025,unlabeled_review,frame_checked_sport_visible,,,,midpoint_frame_of_5s_clip,,,,,,,,
MUVS:bull_vs_atlantaHawks_20240417:60-65,MUVS,MUVS:bull_vs_atlantaHawks_20240417,MUVS:bull_vs_atlantaHawks_20240417,data/processed/muvs_sample/basketball/bull_vs_atlantaHawks_20240417_60s_5s.mp4,basketball,basketball,,,train,5.007,672927,unlabeled_review,frame_checked_sport_visible,,,,midpoint_frame_of_5s_clip,,,,,,,,
MUVS:chicagoFire_vs_charlotteFC_20240515:60-65,MUVS,MUVS:chicagoFire_vs_charlotteFC_20240515,MUVS:chicagoFire_vs_charlotteFC_20240515,data/processed/muvs_sample/football/chicagoFire_vs_charlotteFC_20240515_60s_5s.mp4,football,football,,,train,5.013,547532,unlabeled_review,frame_checked_sport_visible,,,,midpoint_frame_of_5s_clip,,,,,,,,
MUVS:loyola_vs_mckendree_20240413:60-65,MUVS,MUVS:loyola_vs_mckendree_20240413,MUVS:loyola_vs_mckendree_20240413,data/processed/muvs_sample/volleyball/loyola_vs_mckendree_20240413_60s_5s.mp4,volleyball,volleyball,,,train,5.009,420426,reject_quality,needs_resample_non_gameplay,,,,midpoint_frame_of_5s_clip,,,,,,,,
MUVS:waukegan_field_house_kenosha_vs_bombSquad_20240615:60-65,MUVS,MUVS:waukegan_field_house_kenosha_vs_bombSquad_20240615,MUVS:waukegan_field_house_kenosha_vs_bombSquad_20240615,data/processed/muvs_sample/basketball/waukegan_field_house_kenosha_vs_bombSquad_20240615_60s_5s.mp4,basketball,basketball,,,train,5.033,383590,unlabeled_review,frame_checked_sport_visible,,,,midpoint_frame_of_5s_clip,,,,,,,,
MUVS:waukegan_field_house_stars_vs_bobcats_20240615:60-65,MUVS,MUVS:waukegan_field_house_stars_vs_bobcats_20240615,MUVS:waukegan_field_house_stars_vs_bobcats_20240615,data/processed/muvs_sample/basketball/waukegan_field_house_stars_vs_bobcats_20240615_60s_5s.mp4,basketball,basketball,,,train,5.033,241979,unlabeled_review,frame_checked_sport_visible,,,,midpoint_frame_of_5s_clip,,,,,,,,
MUVS:waukegan_field_house_the217_20240615:60-65,MUVS,MUVS:waukegan_field_house_the217_20240615,MUVS:waukegan_field_house_the217_20240615,data/processed/muvs_sample/basketball/waukegan_field_house_the217_20240615_60s_5s.mp4,basketball,basketball,,,train,5.001,432647,unlabeled_review,frame_checked_sport_visible,,,,midpoint_frame_of_5s_clip,,,,,,,,
MUVS:waukegan_field_house_wave_vs_rebelz_20240615:60-65,MUVS,MUVS:waukegan_field_house_wave_vs_rebelz_20240615,MUVS:waukegan_field_house_wave_vs_rebelz_20240615,data/processed/muvs_sample/basketball/waukegan_field_house_wave_vs_rebelz_20240615_60s_5s.mp4,basketball,basketball,,,train,5.033,421367,unlabeled_review,frame_checked_sport_visible,,,,midpoint_frame_of_5s_clip,,,,,,,,
MUVS:waukegan_field_house_young_bucks_20240615:60-65,MUVS,MUVS:waukegan_field_house_young_bucks_20240615,MUVS:waukegan_field_house_young_bucks_20240615,data/processed/muvs_sample/basketball/waukegan_field_house_young_bucks_20240615_60s_5s.mp4,basketball,basketball,,,train,5.008,525391,unlabeled_review,frame_checked_sport_visible,,,,midpoint_frame_of_5s_clip,,,,,,,,
MUVS:naperville_kids_match_20240608:130-135,MUVS,MUVS:naperville_kids_match_20240608,MUVS:naperville_kids_match_20240608,data/processed/muvs_sample/basketball/naperville_kids_match_20240608_130s_5s.mp4,basketball,basketball,male,youth,test,5.004,427129,unlabeled_review,frame_checked_sport_visible,,,,midpoint_frame_of_5s_clip,дети,project_owner_visual_review,2026-09-28,https://storage.googleapis.com/dataset-ugv-sports/public/RAW_DATA/basketball/naperville_kids_match_20240608/cam_1/VIDEOS/P3/video.mp4,pending,"Баскетбол, мужчины, дети; оба возрастных подтипа проекта входят в youth; оценка по видео, регламент не проверен",visual_confirmed,
MUVS:naperville_kids_soccer_match_20240608:130-135,MUVS,MUVS:naperville_kids_soccer_match_20240608,MUVS:naperville_kids_soccer_match_20240608,data/processed/muvs_sample/football/naperville_kids_soccer_match_20240608_130s_5s.mp4,football,football,male,youth,train,5.016,347488,unlabeled_review,frame_checked_sport_visible,,,,midpoint_frame_of_5s_clip,до 18 лет,project_owner_visual_review,2026-09-29,data/processed/muvs_sample/football/naperville_kids_soccer_match_20240608_130s_5s.mp4,pending,"Пользователь: мальчики до 18 лет; визуальный просмотр, регламент не проверен",visual_confirmed,
MUVS:waukegan_field_house_kids_bucks_vs_rockford_20240615:130-135,MUVS,MUVS:waukegan_field_house_kids_bucks_vs_rockford_20240615,MUVS:waukegan_field_house_kids_bucks_vs_rockford_20240615,data/processed/muvs_sample/basketball/waukegan_field_house_kids_bucks_vs_rockford_20240615_130s_5s.mp4,basketball,basketball,,,train,5.033,565060,unlabeled_review,frame_checked_sport_visible,,,,midpoint_frame_of_5s_clip,,,,,,,,
MUVS:loyola_vs_mckendree_20240413:50-55,MUVS,MUVS:loyola_vs_mckendree_20240413,MUVS:loyola_vs_mckendree_20240413,data/processed/muvs_sample/volleyball/loyola_vs_mckendree_20240413_50s_5s.mp4,volleyball,volleyball,,,train,5.009,401970,reject_quality,rejected_non_gameplay,,,,midpoint_frame_of_5s_clip,,,,,,,,
MUVS:loyola_vs_mckendree_20240413:P21:cam_1:100-105,MUVS,MUVS:loyola_vs_mckendree_20240413,MUVS:loyola_vs_mckendree_20240413,data/processed/muvs_sample/volleyball/loyola_vs_mckendree_20240413_P21_cam_1_100s_5s.mp4,volleyball,volleyball,,,train,5.011,393135,reject_quality,rejected_non_gameplay,https://storage.googleapis.com/dataset-ugv-sports/public/RAW_DATA/volleyball/loyola_vs_mckendree_20240413/cam_1/VIDEOS/P21/video.mp4,21.0,cam_1,midpoint_frame_of_5s_clip,,,,,,,,
MUVS:loyola_vs_mckendree_20240413:P21:cam_3:100-105,MUVS,MUVS:loyola_vs_mckendree_20240413,MUVS:loyola_vs_mckendree_20240413,data/processed/muvs_sample/volleyball/loyola_vs_mckendree_20240413_P21_cam_3_100s_5s.mp4,volleyball,volleyball,,,train,5.017,261618,unlabeled_review,frame_checked_sport_visible,https://storage.googleapis.com/dataset-ugv-sports/public/RAW_DATA/volleyball/loyola_vs_mckendree_20240413/cam_3/VIDEOS/P21/video.mp4,21.0,cam_3,midpoint_frame_of_5s_clip,,,,,,,,
