source_dataset,event_id,source_split,sport_label,n_period_camera_files,candidate_gender,candidate_age,sample_video_url,sample_video_http_status,sample_video_bytes,gender_category,age_category,review_status
MUVS,ChicagoFireFC_vs_AtlantaUnited_20240727,test,football,7,,,https://storage.googleapis.com/dataset-ugv-sports/public/RAW_DATA/soccer/ChicagoFireFC_vs_AtlantaUnited_20240727/cam_1/VIDEOS/P30/video.mp4,200,582959568,,,unreviewed
MUVS,chicagoSky_vs_seattleStorm_20240528,test,basketball,36,,,https://storage.googleapis.com/dataset-ugv-sports/public/RAW_DATA/basketball/chicagoSky_vs_seattleStorm_20240528/cam_1/VIDEOS/P3/video.mp4,200,1408869328,,,unreviewed
MUVS,naperville_kids_match_20240608,test,basketball,18,,youth,https://storage.googleapis.com/dataset-ugv-sports/public/RAW_DATA/basketball/naperville_kids_match_20240608/cam_1/VIDEOS/P3/video.mp4,200,1987408291,,,unreviewed
MUVS,naperville_little_kids_match_20240608,test,basketball,21,,youth,https://storage.googleapis.com/dataset-ugv-sports/public/RAW_DATA/basketball/naperville_little_kids_match_20240608/cam_1/VIDEOS/P3/video.mp4,200,824247681,,,unreviewed
MUVS,naperville_youth_match_20240608,test,basketball,10,,youth,https://storage.googleapis.com/dataset-ugv-sports/public/RAW_DATA/basketball/naperville_youth_match_20240608/cam_1/VIDEOS/P5/video.mp4,200,482971773,,,unreviewed
MUVS,blackhawks_vs_hurricanes_20240414,train,hockey,28,,,https://storage.googleapis.com/dataset-ugv-sports/public/RAW_DATA/hockey/blackhawks_vs_hurricanes_20240414/cam_2/VIDEOS/P2/video.mp4,200,196800729,,,unreviewed
MUVS,bull_vs_atlantaHawks_20240417,train,basketball,16,,,https://storage.googleapis.com/dataset-ugv-sports/public/RAW_DATA/basketball/bull_vs_atlantaHawks_20240417/cam_1/VIDEOS/P5/video.mp4,200,1735689535,,,unreviewed
MUVS,chicagoFire_vs_charlotteFC_20240515,train,football,12,,,https://storage.googleapis.com/dataset-ugv-sports/public/RAW_DATA/soccer/chicagoFire_vs_charlotteFC_20240515/cam_2/VIDEOS/P4/video.mp4,200,928114886,,,unreviewed
MUVS,loyola_vs_mckendree_20240413,train,volleyball,20,,,https://storage.googleapis.com/dataset-ugv-sports/public/RAW_DATA/volleyball/loyola_vs_mckendree_20240413/cam_1/VIDEOS/P2/video.mp4,200,676005212,,,unreviewed
MUVS,naperville_fem_youth_match_20240608,train,basketball,9,female,youth,https://storage.googleapis.com/dataset-ugv-sports/public/RAW_DATA/basketball/naperville_fem_youth_match_20240608/cam_1/VIDEOS/P11/video.mp4,200,2005709271,,,unreviewed
MUVS,naperville_kids_soccer_match_20240608,train,football,6,,youth,https://storage.googleapis.com/dataset-ugv-sports/public/RAW_DATA/soccer/naperville_kids_soccer_match_20240608/cam_1/VIDEOS/P2/video.mp4,200,1243898281,,,unreviewed
MUVS,waukegan_field_house_kenosha_vs_bombSquad_20240615,train,basketball,14,,,https://storage.googleapis.com/dataset-ugv-sports/public/RAW_DATA/basketball/waukegan_field_house_kenosha_vs_bombSquad_20240615/cam_1/VIDEOS/P3/video.mp4,200,1321149945,,,unreviewed
MUVS,waukegan_field_house_kids_bucks_vs_rockford_20240615,train,basketball,3,,youth,https://storage.googleapis.com/dataset-ugv-sports/public/RAW_DATA/basketball/waukegan_field_house_kids_bucks_vs_rockford_20240615/cam_1/VIDEOS/P3/video.mp4,200,1558834477,,,unreviewed
MUVS,waukegan_field_house_stars_vs_bobcats_20240615,train,basketball,15,,,https://storage.googleapis.com/dataset-ugv-sports/public/RAW_DATA/basketball/waukegan_field_house_stars_vs_bobcats_20240615/cam_1/VIDEOS/P3/video.mp4,200,1548309833,,,unreviewed
MUVS,waukegan_field_house_the217_20240615,train,basketball,18,,,https://storage.googleapis.com/dataset-ugv-sports/public/RAW_DATA/basketball/waukegan_field_house_the217_20240615/cam_1/VIDEOS/P5/video.mp4,200,479483886,,,unreviewed
MUVS,waukegan_field_house_wave_vs_rebelz_20240615,train,basketball,14,,,https://storage.googleapis.com/dataset-ugv-sports/public/RAW_DATA/basketball/waukegan_field_house_wave_vs_rebelz_20240615/cam_1/VIDEOS/P2/video.mp4,200,335829943,,,unreviewed
MUVS,waukegan_field_house_young_bucks_20240615,train,basketball,21,,,https://storage.googleapis.com/dataset-ugv-sports/public/RAW_DATA/basketball/waukegan_field_house_young_bucks_20240615/cam_2/VIDEOS/P4/video.mp4,200,443024602,,,unreviewed
