priority,event_group_id,sport_label,candidate_gender,candidate_age,missing_combination,what_to_verify,sample_path,source_url,gender_category,age_category,evidence_url,review_note,age_review_status,age_rule_url
1,MUVS:naperville_fem_youth_match_20240608,basketball,female,youth,баскетбол: женщины до 18,"Подтвердить женскую категорию и возрастной регламент; проверить, что на клипе именно этот матч",data/processed/muvs_sample/basketball/naperville_fem_youth_match_20240608_60s_5s.mp4,https://storage.googleapis.com/dataset-ugv-sports/public/RAW_DATA/basketball/naperville_fem_youth_match_20240608/cam_1/VIDEOS/P11/video.mp4,female,youth,data/processed/muvs_sample/basketball/naperville_fem_youth_match_20240608_60s_5s.mp4,Пользователь ответил «да»: женский юношеский баскетбол; регламент не проверен,visual_confirmed,
2,IA:NMS_vs._Batavia_8th_Grade_Girls_Basketball_2017,basketball,female,youth,баскетбол: женщины до 18,Подтвердить матч девочек 8-го класса и соответствие клипа событию,data/processed/internet_archive_sample/basketball/NMS_vs._Batavia_8th_Grade_Girls_Basketball_2017_300s_5s.mp4,https://archive.org/details/NMS_vs._Batavia_8th_Grade_Girls_Basketball_2017,female,youth,data/processed/internet_archive_sample/basketball/NMS_vs._Batavia_8th_Grade_Girls_Basketball_2017_300s_5s.mp4,Пользователь ответил «да»: баскетбол девочек 8-го класса; регламент не проверен,visual_confirmed,
3,IA:gbect-10-7-24_Groton_Middle_School_Boys_Soccer_vs._Clark_Lane,football,male,youth,футбол: мужчины до 18,Подтвердить категорию мальчиков и возрастное ограничение турнира,data/processed/internet_archive_middle_school_sample/football/gbect-10-7-24_Groton_Middle_School_Boys_Soccer_vs._Clark_Lane_300s_5s.mp4,https://archive.org/details/gbect-10-7-24_Groton_Middle_School_Boys_Soccer_vs._Clark_Lane,male,youth,data/processed/internet_archive_middle_school_sample/football/gbect-10-7-24_Groton_Middle_School_Boys_Soccer_vs._Clark_Lane_300s_5s.mp4,Пользователь ответил «да»: футбол мальчиков средней школы; регламент не проверен,visual_confirmed,
4,MUVS:naperville_kids_soccer_match_20240608,football,,youth,футбол: юношеская категория,Уточнить мужская или женская категория и до 18 ли этот матч,data/processed/muvs_sample/football/naperville_kids_soccer_match_20240608_130s_5s.mp4,https://storage.googleapis.com/dataset-ugv-sports/public/RAW_DATA/soccer/naperville_kids_soccer_match_20240608/cam_1/VIDEOS/P2/video.mp4,male,youth,data/processed/muvs_sample/football/naperville_kids_soccer_match_20240608_130s_5s.mp4,Пользователь: мальчики до 18 лет; регламент не проверен,visual_confirmed,
5,IA:hcectvky-8th_Grade_Girls_Volleyball_Championship_-_March_25_2021,volleyball,female,youth,волейбол: женщины до 18,Подтвердить категорию девочек 8-го класса и игровой фрагмент,data/processed/internet_archive_sample/volleyball/hcectvky-8th_Grade_Girls_Volleyball_Championship_-_March_25_2021_300s_5s.mp4,https://archive.org/details/hcectvky-8th_Grade_Girls_Volleyball_Championship_-_March_25_2021,female,youth,data/processed/internet_archive_sample/volleyball/hcectvky-8th_Grade_Girls_Volleyball_Championship_-_March_25_2021_300s_5s.mp4,"Пользователь: всё верно, волейбол девочек 8-го класса; регламент не проверен",visual_confirmed,
6,IA:ELHS_Spartans_Boys_Volleyball_vs._Whittier_Tech_Vocational_5_29_26,volleyball,male,,волейбол: возможные мужчины до 18,Проверить регламент школьного турнира: охватывает ли он игроков от 18 лет,data/processed/internet_archive_sample/volleyball/ELHS_Spartans_Boys_Volleyball_vs._Whittier_Tech_Vocational_5_29_26_1155.89s_5s.mp4,https://archive.org/details/ELHS_Spartans_Boys_Volleyball_vs._Whittier_Tech_Vocational_5_29_26,male,,data/processed/internet_archive_sample/volleyball/ELHS_Spartans_Boys_Volleyball_vs._Whittier_Tech_Vocational_5_29_26_1155.89s_5s.mp4,Пользователь: мальчики до 18 лет; регламент не проверен; MIAA допускает участие 18-летних в школьной категории; возраст события не установлен,visual_ambiguous_event,https://www.miaa.net/sites/default/files/2025-06/miaa-handbook-25-27.pdf
7,IA:whctvct-Boys_Volleyball_Class_M_Quarterfinal_4_Hall_vs_5_Darien_-_June_4_2026,volleyball,male,,волейбол: возможные мужчины до 18,Проверить возрастной регламент Class M и соответствие клипа матчу,data/processed/internet_archive_sample/volleyball/whctvct-Boys_Volleyball_Class_M_Quarterfinal_4_Hall_vs_5_Darien_-_June_4_2026_300s_5s.mp4,https://archive.org/details/whctvct-Boys_Volleyball_Class_M_Quarterfinal_4_Hall_vs_5_Darien_-_June_4_2026,male,,data/processed/internet_archive_sample/volleyball/whctvct-Boys_Volleyball_Class_M_Quarterfinal_4_Hall_vs_5_Darien_-_June_4_2026_300s_5s.mp4,Пользователь: мальчики до 18 лет; регламент не проверен; CIAC допускает участие 18-летних в школьной категории; возраст события не установлен,visual_ambiguous_event,https://ciac.fpsports.org/resources/Resources/Handbook.pdf
8,IA:bbrtvmev-BRHS_Girls_Tennis_02_-_Boothbay_v_Morse_court_2,tennis,female,,теннис: возможные женщины до 18,Проверить школьный возрастной регламент и категорию девушек,data/processed/internet_archive_sample/tennis/bbrtvmev-BRHS_Girls_Tennis_02_-_Boothbay_v_Morse_court_2_300s_5s.mp4,https://archive.org/details/bbrtvmev-BRHS_Girls_Tennis_02_-_Boothbay_v_Morse_court_2,female,,data/processed/internet_archive_sample/tennis/bbrtvmev-BRHS_Girls_Tennis_02_-_Boothbay_v_Morse_court_2_300s_5s.mp4,Пользователь: девочки до 18 лет; регламент не проверен; MPA допускает участие 18-летних в школьной категории; возраст события не установлен,visual_ambiguous_event,https://www.mpa.cc/resources/About%20Us/Handbook.pdf
9,IA:ecatma-OA_Girls_Tennis_vs_Attleboro_2nd_Singles_4_08_26,tennis,female,,теннис: возможные женщины до 18,Проверить школьный возрастной регламент и категорию девушек,data/processed/internet_archive_sample/tennis/ecatma-OA_Girls_Tennis_vs_Attleboro_2nd_Singles_4_08_26_300s_5s.mp4,https://archive.org/details/ecatma-OA_Girls_Tennis_vs_Attleboro_2nd_Singles_4_08_26,female,,data/processed/internet_archive_sample/tennis/ecatma-OA_Girls_Tennis_vs_Attleboro_2nd_Singles_4_08_26_300s_5s.mp4,Пользователь: девочки вроде до 18 лет; регламент не проверен,visual_tentative,
10,IA:ecatma-OA_Boys_Tennis_vs_Foxboro_1_Singles_5_11_26,tennis,male,,теннис: возможные мужчины до 18,Проверить школьный возрастной регламент и категорию юношей,data/processed/internet_archive_sample/tennis/ecatma-OA_Boys_Tennis_vs_Foxboro_1_Singles_5_11_26_1171.09s_5s.mp4,https://archive.org/details/ecatma-OA_Boys_Tennis_vs_Foxboro_1_Singles_5_11_26,male,,data/processed/internet_archive_sample/tennis/ecatma-OA_Boys_Tennis_vs_Foxboro_1_Singles_5_11_26_1171.09s_5s.mp4,Пользователь: парни вроде до 18 лет; регламент не проверен,visual_tentative,
11,IA:ctncrmn-Boys_Tennis_-_Spring_Lake_Park_at_Coon_Rapids_5.7.26_-_Scott_Storrick_s_last_home_match,tennis,male,,теннис: возможные мужчины до 18,Проверить школьный возрастной регламент и категорию юношей,data/processed/internet_archive_sample/tennis/ctncrmn-Boys_Tennis_-_Spring_Lake_Park_at_Coon_Rapids_5.7.26_-_Scott_Storrick_s_last_home_match_2095.41s_5s.mp4,https://archive.org/details/ctncrmn-Boys_Tennis_-_Spring_Lake_Park_at_Coon_Rapids_5.7.26_-_Scott_Storrick_s_last_home_match,male,,data/processed/internet_archive_sample/tennis/ctncrmn-Boys_Tennis_-_Spring_Lake_Park_at_Coon_Rapids_5.7.26_-_Scott_Storrick_s_last_home_match_2095.41s_5s.mp4,Пользователь: парни вроде до 18 лет; регламент не проверен,visual_tentative,
