clip_id,event_id,source_dataset,source_video_id,source_url,video_path,title,channel,sport_label,gender_category,age_category,competition_url,event_evidence_url,label_source,label_review_status,video_review_status,start_sec,duration_sec,width,height,bytes,split,video_review_note
YT:wpj4eLif-zk:900-905,FIBA-U16W-2025-ESP-SLO,FIBA,YouTube:wpj4eLif-zk,https://www.youtube.com/watch?v=wpj4eLif-zk,data/processed/verified_youtube_sample/basketball/wpj4eLif-zk_900s_5s.mp4,Final | Spain v Slovenia | Full Basketball Game | FIBA U16 Women's EuroBasket 2025,FIBA Basketball,basketball,female,youth,https://www.fiba.basketball/en/events/fiba-u16-womens-eurobasket-2025,https://www.fiba.basketball/en/news/spain-claim-fiba-u16-womens-eurobasket-2025-crown,organizer_event_page_plus_video_title,source_matched,accepted_visual_frame_review,900,5.0,640,360,472314,unassigned,game court visible
YT:MtEYmSzFIGw:900-905,FIBA-U16W-2025-ESP-LAT-SF,FIBA,YouTube:MtEYmSzFIGw,https://www.youtube.com/watch?v=MtEYmSzFIGw,data/processed/verified_youtube_sample/basketball/MtEYmSzFIGw_900s_5s.mp4,Semi-Finals | Spain v Latvia | Full Basketball Game | FIBA U16 Women's EuroBasket 2025,FIBA Basketball,basketball,female,youth,https://www.fiba.basketball/en/events/fiba-u16-womens-eurobasket-2025,https://www.fiba.basketball/en/events/fiba-u16-womens-eurobasket-2025/news/slovenia-and-spain-to-meet-in-the-final,organizer_event_page_plus_video_title,source_matched,accepted_visual_frame_review,900,5.0,640,360,529428,unassigned,game court visible
YT:J3uQkneq9Js:900-905,FIBA-U16M-2025-GEO-ESP,FIBA,YouTube:J3uQkneq9Js,https://www.youtube.com/watch?v=J3uQkneq9Js,data/processed/verified_youtube_sample/basketball/J3uQkneq9Js_900s_5s.mp4,Group Phase | Georgia v Spain | Full Basketball Game | FIBA U16 EuroBasket 2025,FIBA Basketball,basketball,male,youth,https://www.fiba.basketball/en/events/fiba-u16-eurobasket-2025,https://www.fiba.basketball/en/events/fiba-u16-eurobasket-2025,organizer_event_page_plus_video_title,source_matched,accepted_visual_frame_review,900,5.0,640,360,617964,unassigned,game court visible
YT:VVm2t651-C0:900-905,FIBA-U16M-2025-LTU-TUR,FIBA,YouTube:VVm2t651-C0,https://www.youtube.com/watch?v=VVm2t651-C0,data/processed/verified_youtube_sample/basketball/VVm2t651-C0_900s_5s.mp4,Group Phase | Lithuania v Türkiye | Full Basketball Game | FIBA U16 EuroBasket 2025,FIBA Basketball,basketball,male,youth,https://www.fiba.basketball/en/events/fiba-u16-eurobasket-2025,https://www.fiba.basketball/en/events/fiba-u16-eurobasket-2025,organizer_event_page_plus_video_title,source_matched,accepted_visual_frame_review,900,5.0,640,360,531024,unassigned,game court visible
YT:JMJHVtDjh_s:1200-1205,CEV-U16W-2025-BUL-UKR,CEV,YouTube:JMJHVtDjh_s,https://www.youtube.com/watch?v=JMJHVtDjh_s,data/processed/verified_youtube_sample/volleyball/JMJHVtDjh_s_1200s_5s.mp4,BULGARIA v UKRAINE | CEV U16 Volleyball European Championship 2025 | Women,Lithuania Volleyball,volleyball,female,youth,https://www.cev.eu/match-centres/cev-u16-volleyball-european-championship-2025/cev-u16-volleyball-european-championship-2025-women/,https://www.cev.eu/match-centres/cev-u16-volleyball-european-championship-2025/cev-u16-volleyball-european-championship-2025-women/ywd-01-bulgaria-v-ukraine/,organizer_event_page_plus_video_title,source_matched,accepted_visual_frame_review,1200,5.0,640,360,225370,unassigned,serve and competition court visible
YT:5iEYoBLKoOQ:1200-1205,CEV-U16W-2025-BUL-LTU,CEV,YouTube:5iEYoBLKoOQ,https://www.youtube.com/watch?v=5iEYoBLKoOQ,data/processed/verified_youtube_sample/volleyball/5iEYoBLKoOQ_1200s_5s.mp4,BULGARIA v LITHUANIA | CEV U16 Volleyball European Championship 2025 | Women,Lithuania Volleyball,volleyball,female,youth,https://www.cev.eu/match-centres/cev-u16-volleyball-european-championship-2025/cev-u16-volleyball-european-championship-2025-women/,https://www.cev.eu/match-centres/cev-u16-volleyball-european-championship-2025/cev-u16-volleyball-european-championship-2025-women/ywd-04-bulgaria-v-lithuania/,organizer_event_page_plus_video_title,source_matched,accepted_visual_frame_review,1200,5.0,640,360,394805,unassigned,game court visible
YT:vBa4-Js5LhE:1800-1805,FIFA-U17W-2025-CRC-BRA,FIFA,YouTube:vBa4-Js5LhE,https://www.youtube.com/watch?v=vBa4-Js5LhE,data/processed/verified_youtube_sample/football/vBa4-Js5LhE_1800s_5s.mp4,Full Match: Costa Rica v Brazil | FIFA U-17 Women's World Cup Morocco 2025™,FIFA,football,female,youth,https://www.fifa.com/en/tournaments/womens/u17womensworldcup/morocco-2025,https://www.fifa.com/en/tournaments/womens/u17womensworldcup/morocco-2025/articles/preview-matchday-8-round-of-16,organizer_event_page_plus_video_title,source_matched,accepted_visual_frame_review,1800,5.0,640,360,305921,unassigned,game field visible
YT:D6dG7uzudPQ:1500-1505,CEV-U16W-2025-UKR-LTU,CEV,YouTube:D6dG7uzudPQ,https://www.youtube.com/watch?v=D6dG7uzudPQ,data/processed/verified_youtube_sample/volleyball/D6dG7uzudPQ_1500s_5s.mp4,UKRAINE v LITHUANIA | CEV U16 Volleyball European Championship 2025 | Women,Lithuania Volleyball,volleyball,female,youth,https://www.cev.eu/match-centres/cev-u16-volleyball-european-championship-2025/cev-u16-volleyball-european-championship-2025-women/,https://www.cev.eu/match-centres/cev-u16-volleyball-european-championship-2025/cev-u16-volleyball-european-championship-2025-women/ywd-06-ukraine-v-lithuania/,organizer_event_page_plus_video_title,source_matched,accepted_visual_frame_review,1500,5.0,640,360,218165,unassigned,game court visible
YT:H65umG7yZ-A:2400-2405,AVC-U16M-2025-HKG-INA,AVC,YouTube:H65umG7yZ-A,https://www.youtube.com/watch?v=H65umG7yZ-A,data/processed/verified_youtube_sample/volleyball/H65umG7yZ-A_2400s_5s.mp4,HKG - INA I PRELIMINARY ROUND I 2ND ASIAN MEN'S U16,Asian Volleyball Confederation,volleyball,male,youth,https://asianvolleyball.net/new/2nd-asian-mens-u16-volleyball-championship/,https://asianvolleyball.net/new/2nd-asian-mens-u16-volleyball-championship/,organizer_event_page_plus_video_title,source_matched,accepted_visual_frame_review,2400,5.0,640,360,165099,unassigned,game court visible
YT:FXuh-TY8T9Y:90-95,EASTER-B14-2022-FINAL,EasterBowl,YouTube:FXuh-TY8T9Y,https://www.youtube.com/watch?v=FXuh-TY8T9Y,data/processed/verified_youtube_sample/tennis/FXuh-TY8T9Y_90s_5s.mp4,B14s Easter Bowl Final 2022,ZooTennis.com,tennis,male,youth,https://easterbowl.com/past-champions/,https://easterbowl.com/past-champions/,organizer_event_page_plus_video_title,source_matched,accepted_visual_frame_review,90,5.039,640,360,327040,unassigned,tennis players visible
YT:YLL_J58-Kl0:90-95,EASTER-G14-2022-FINAL,EasterBowl,YouTube:YLL_J58-Kl0,https://www.youtube.com/watch?v=YLL_J58-Kl0,data/processed/verified_youtube_sample/tennis/YLL_J58-Kl0_90s_5s.mp4,G14s Easter Bowl Final 2022,ZooTennis.com,tennis,female,youth,https://easterbowl.com/past-champions/,https://easterbowl.com/past-champions/,organizer_event_page_plus_video_title,source_matched,accepted_visual_frame_review,90,5.039,640,360,383029,unassigned,tennis players visible
YT:VwYpQakUWMc:90-95,EASTER-G14-2024-FINAL,EasterBowl,YouTube:VwYpQakUWMc,https://www.youtube.com/watch?v=VwYpQakUWMc,data/processed/verified_youtube_sample/tennis/VwYpQakUWMc_90s_5s.mp4,2024 G14s Easter Bowl final,ZooTennis.com,tennis,female,youth,https://easterbowl.com/past-champions/,https://easterbowl.com/past-champions/,organizer_event_page_plus_video_title,source_matched,accepted_visual_frame_review,90,5.039,640,360,437160,unassigned,tennis rally visible
YT:45PS7NFlwXY:90-95,EASTER-B14-2025-FINAL,EasterBowl,YouTube:45PS7NFlwXY,https://www.youtube.com/watch?v=45PS7NFlwXY,data/processed/verified_youtube_sample/tennis/45PS7NFlwXY_90s_5s.mp4,USTA Easter Bowl B14s final 2025,ZooTennis.com,tennis,male,youth,https://easterbowl.com/past-champions/,https://easterbowl.com/2025-live-streaming/,organizer_event_page_plus_video_title,source_matched,accepted_visual_frame_review,90,5.039,640,360,333450,unassigned,tennis player visible
YT:bisRHliEluM:90-95,EASTER-G14-2025-FINAL,EasterBowl,YouTube:bisRHliEluM,https://www.youtube.com/watch?v=bisRHliEluM,data/processed/verified_youtube_sample/tennis/bisRHliEluM_90s_5s.mp4,USTA Easter Bowl G14s final 2025,ZooTennis.com,tennis,female,youth,https://easterbowl.com/past-champions/,https://easterbowl.com/2025-live-streaming/,organizer_event_page_plus_video_title,source_matched,accepted_visual_frame_review,90,5.039,640,360,378111,unassigned,tennis players visible at distance
YT:Rrx3S7Gt8tc:90-95,EASTER-B14-2026-FINAL,EasterBowl,YouTube:Rrx3S7Gt8tc,https://www.youtube.com/watch?v=Rrx3S7Gt8tc,data/processed/verified_youtube_sample/tennis/Rrx3S7Gt8tc_90s_5s.mp4,USTA 2026 Easter Bowl B14s final,ZooTennis.com,tennis,male,youth,https://easterbowl.com/past-champions/,https://easterbowl.com/past-champions/,organizer_event_page_plus_video_title,source_matched,accepted_visual_frame_review,90,5.039,640,360,399545,unassigned,tennis player visible
YT:m5U9LfZJGls:1100-1105,FIBA-U16W-DIVB-2025-LTU-BUL,FIBA,YouTube:m5U9LfZJGls,https://www.youtube.com/watch?v=m5U9LfZJGls,data/processed/verified_youtube_sample/basketball/m5U9LfZJGls_1100s_5s.mp4,Final | Lithuania v Bulgaria | Full Basketball Game | FIBA U16 Women's EuroBasket 2025 Div B,FIBA Basketball,basketball,female,youth,https://www.fiba.basketball/en/events/fiba-u16-womens-eurobasket-2025-division-b,https://www.fiba.basketball/en/events/fiba-u16-womens-eurobasket-2025-division-b/games/126528-LTU-BUL,organizer_event_page_plus_video_title,source_matched,accepted_visual_frame_review,1100,5.0,640,360,369688,unassigned,game court visible
YT:xufUADETuDM:1800-1805,AVC-U16M-2025-TPE-PAK,AVC,YouTube:xufUADETuDM,https://www.youtube.com/watch?v=xufUADETuDM,data/processed/verified_youtube_sample/volleyball/xufUADETuDM_1800s_5s.mp4,TPE-PAK I PRELIMINARY ROUND I 2ND ASIAN MEN'S U16,Asian Volleyball Confederation,volleyball,male,youth,https://asianvolleyball.net/new/2nd-asian-mens-u16-volleyball-championship/,https://pakistanvolleyball.pk/pakistan-u16-volleyball-team-tops-pool-d-after-third-consecutive-victory-at-asian-championship/,organizer_event_page_plus_video_title,source_matched,accepted_visual_frame_review,1800,5.0,640,360,327264,unassigned,game court visible
YT:YTscoWhNgT4:2300-2305,UEFA-U17M-2025-ROU-SCO,UEFA,YouTube:YTscoWhNgT4,https://www.youtube.com/watch?v=YTscoWhNgT4,data/processed/verified_youtube_sample/football/YTscoWhNgT4_2300s_5s.mp4,FULL MATCH |  Romania v Scotland Men’s Under-17s | UEFA EURO Qualifier,Scotland National Team,football,male,youth,https://www.uefa.com/under17/,https://www.uefa.com/under17/match/2043595--romania-vs-scotland/,organizer_event_page_plus_video_title,source_matched,accepted_visual_frame_review,2300,5.0,640,360,220632,unassigned,game field visible
YT:jBnueKAPUxg:140-145,EASTER-B14-2023-FINAL,EasterBowl,YouTube:jBnueKAPUxg,https://www.youtube.com/watch?v=jBnueKAPUxg,data/processed/verified_youtube_sample/tennis/jBnueKAPUxg_140s_5s.mp4,Easter Bowl B14s Final 2023,ZooTennis.com,tennis,male,youth,https://easterbowl.com/past-champions/,https://easterbowl.com/past-champions/,organizer_event_page_plus_video_title,source_matched,accepted_visual_frame_review,140,5.006,640,360,391319,unassigned,tennis players visible
YT:4TXUXBimIW0:140-145,EASTER-B14-2024-FINAL,EasterBowl,YouTube:4TXUXBimIW0,https://www.youtube.com/watch?v=4TXUXBimIW0,data/processed/verified_youtube_sample/tennis/4TXUXBimIW0_140s_5s.mp4,2024 B14s Easter Bowl final,ZooTennis.com,tennis,male,youth,https://easterbowl.com/past-champions/,https://easterbowl.com/past-champions/,organizer_event_page_plus_video_title,source_matched,accepted_visual_frame_review,140,5.006,640,360,413050,unassigned,tennis player visible
YT:k0KNa1TghI8:140-145,EASTER-G14-2026-FINAL,EasterBowl,YouTube:k0KNa1TghI8,https://www.youtube.com/watch?v=k0KNa1TghI8,data/processed/verified_youtube_sample/tennis/k0KNa1TghI8_140s_5s.mp4,USTA 2026 Easter Bowl G14s Final,ZooTennis.com,tennis,female,youth,https://easterbowl.com/past-champions/,https://easterbowl.com/past-champions/,organizer_event_page_plus_video_title,source_matched,accepted_visual_frame_review,140,5.006,640,360,295491,unassigned,tennis player visible
