event_id,source_dataset,youtube_id,title_contains,channel_contains,sport_label,gender_category,age_category,competition_url,event_evidence_url,start_sec,duration_sec
FIBA-U16W-DIVB-2025-LTU-BUL,FIBA,m5U9LfZJGls,Lithuania v Bulgaria,FIBA Basketball,basketball,female,youth,https://www.fiba.basketball/en/events/fiba-u16-womens-eurobasket-2025-division-b,https://www.fiba.basketball/en/events/fiba-u16-womens-eurobasket-2025-division-b/games/126528-LTU-BUL,1100,5
FIBA-U16W-2025-ESP-SLO,FIBA,wpj4eLif-zk,Spain v Slovenia,FIBA Basketball,basketball,female,youth,https://www.fiba.basketball/en/events/fiba-u16-womens-eurobasket-2025,https://www.fiba.basketball/en/news/spain-claim-fiba-u16-womens-eurobasket-2025-crown,900,5
FIBA-U16W-2025-ESP-LAT-SF,FIBA,MtEYmSzFIGw,Spain v Latvia,FIBA Basketball,basketball,female,youth,https://www.fiba.basketball/en/events/fiba-u16-womens-eurobasket-2025,https://www.fiba.basketball/en/events/fiba-u16-womens-eurobasket-2025/news/slovenia-and-spain-to-meet-in-the-final,900,5
FIBA-U16M-2025-SRB-LTU,FIBA,j-tShXPnZQo,Serbia v Lithuania,FIBA Basketball,basketball,male,youth,https://www.fiba.basketball/en/events/fiba-u16-eurobasket-2025,https://www.fiba.basketball/en/events/fiba-u16-eurobasket-2025/games/125970-SRB-LTU,900,5
FIBA-U16M-2025-GEO-ESP,FIBA,J3uQkneq9Js,Georgia v Spain,FIBA Basketball,basketball,male,youth,https://www.fiba.basketball/en/events/fiba-u16-eurobasket-2025,https://www.fiba.basketball/en/events/fiba-u16-eurobasket-2025,900,5
FIBA-U16M-2025-LTU-TUR,FIBA,VVm2t651-C0,Lithuania v Türkiye,FIBA Basketball,basketball,male,youth,https://www.fiba.basketball/en/events/fiba-u16-eurobasket-2025,https://www.fiba.basketball/en/events/fiba-u16-eurobasket-2025,900,5
CEV-U16W-2025-BUL-UKR,CEV,JMJHVtDjh_s,BULGARIA v UKRAINE,Lithuania Volleyball,volleyball,female,youth,https://www.cev.eu/match-centres/cev-u16-volleyball-european-championship-2025/cev-u16-volleyball-european-championship-2025-women/,https://www.cev.eu/match-centres/cev-u16-volleyball-european-championship-2025/cev-u16-volleyball-european-championship-2025-women/ywd-01-bulgaria-v-ukraine/,1200,5
CEV-U16W-2025-BUL-LTU,CEV,5iEYoBLKoOQ,BULGARIA v LITHUANIA,Lithuania Volleyball,volleyball,female,youth,https://www.cev.eu/match-centres/cev-u16-volleyball-european-championship-2025/cev-u16-volleyball-european-championship-2025-women/,https://www.cev.eu/match-centres/cev-u16-volleyball-european-championship-2025/cev-u16-volleyball-european-championship-2025-women/ywd-04-bulgaria-v-lithuania/,1200,5
CEV-U16W-2025-UKR-LTU,CEV,D6dG7uzudPQ,UKRAINE v LITHUANIA,Lithuania Volleyball,volleyball,female,youth,https://www.cev.eu/match-centres/cev-u16-volleyball-european-championship-2025/cev-u16-volleyball-european-championship-2025-women/,https://www.cev.eu/match-centres/cev-u16-volleyball-european-championship-2025/cev-u16-volleyball-european-championship-2025-women/ywd-06-ukraine-v-lithuania/,1500,5
AVC-U16M-2025-TPE-PAK,AVC,xufUADETuDM,TPE-PAK,Asian Volleyball Confederation,volleyball,male,youth,https://asianvolleyball.net/new/2nd-asian-mens-u16-volleyball-championship/,https://pakistanvolleyball.pk/pakistan-u16-volleyball-team-tops-pool-d-after-third-consecutive-victory-at-asian-championship/,1800,5
AVC-U16M-2025-HKG-INA,AVC,H65umG7yZ-A,HKG - INA,Asian Volleyball Confederation,volleyball,male,youth,https://asianvolleyball.net/new/2nd-asian-mens-u16-volleyball-championship/,https://asianvolleyball.net/new/2nd-asian-mens-u16-volleyball-championship/,2400,5
AVC-U16M-2025-THA-AUS,AVC,62le-BrkA4s,THA-AUS,Asian Volleyball Confederation,volleyball,male,youth,https://asianvolleyball.net/new/2nd-asian-mens-u16-volleyball-championship/,https://asianvolleyball.net/new/2nd-asian-mens-u16-volleyball-championship/,3200,5
UEFA-U17M-2025-ROU-SCO,UEFA,YTscoWhNgT4,Romania v Scotland,Scotland National Team,football,male,youth,https://www.uefa.com/under17/,https://www.uefa.com/under17/match/2043595--romania-vs-scotland/,2300,5
FIFA-U17W-2025-CRC-BRA,FIFA,vBa4-Js5LhE,Costa Rica v Brazil,FIFA,football,female,youth,https://www.fifa.com/en/tournaments/womens/u17womensworldcup/morocco-2025,https://www.fifa.com/en/tournaments/womens/u17womensworldcup/morocco-2025/articles/preview-matchday-8-round-of-16,1800,5
EASTER-B14-2022-FINAL,EasterBowl,FXuh-TY8T9Y,B14s Easter Bowl Final 2022,ZooTennis.com,tennis,male,youth,https://easterbowl.com/past-champions/,https://easterbowl.com/past-champions/,90,5
EASTER-G14-2022-FINAL,EasterBowl,YLL_J58-Kl0,G14s Easter Bowl Final 2022,ZooTennis.com,tennis,female,youth,https://easterbowl.com/past-champions/,https://easterbowl.com/past-champions/,90,5
EASTER-B14-2023-FINAL,EasterBowl,jBnueKAPUxg,Easter Bowl B14s Final 2023,ZooTennis.com,tennis,male,youth,https://easterbowl.com/past-champions/,https://easterbowl.com/past-champions/,140,5
EASTER-G14-2023-FINAL,EasterBowl,4rRDctPWo8s,Easter Bowl G14s final 2023,ZooTennis.com,tennis,female,youth,https://easterbowl.com/past-champions/,https://easterbowl.com/past-champions/,90,5
EASTER-B14-2024-FINAL,EasterBowl,4TXUXBimIW0,2024 B14s Easter Bowl final,ZooTennis.com,tennis,male,youth,https://easterbowl.com/past-champions/,https://easterbowl.com/past-champions/,140,5
EASTER-G14-2024-FINAL,EasterBowl,VwYpQakUWMc,2024 G14s Easter Bowl final,ZooTennis.com,tennis,female,youth,https://easterbowl.com/past-champions/,https://easterbowl.com/past-champions/,90,5
EASTER-B14-2025-FINAL,EasterBowl,45PS7NFlwXY,USTA Easter Bowl B14s final 2025,ZooTennis.com,tennis,male,youth,https://easterbowl.com/past-champions/,https://easterbowl.com/2025-live-streaming/,90,5
EASTER-G14-2025-FINAL,EasterBowl,bisRHliEluM,USTA Easter Bowl G14s final 2025,ZooTennis.com,tennis,female,youth,https://easterbowl.com/past-champions/,https://easterbowl.com/2025-live-streaming/,90,5
EASTER-B14-2026-FINAL,EasterBowl,Rrx3S7Gt8tc,USTA 2026 Easter Bowl B14s final,ZooTennis.com,tennis,male,youth,https://easterbowl.com/past-champions/,https://easterbowl.com/past-champions/,90,5
EASTER-G14-2026-FINAL,EasterBowl,k0KNa1TghI8,USTA 2026 Easter Bowl G14s Final,ZooTennis.com,tennis,female,youth,https://easterbowl.com/past-champions/,https://easterbowl.com/past-champions/,140,5
