source_dataset,source_video_id,title,source_url,video_url,mime,video_bytes,license,license_url,sport_label,candidate_age,gender_category,age_category,review_status
WikimediaCommons,"Commons:File:Bryan Mbeumo, Le Nouveau Prince de Man United - Zack en Roue Libre (S09E19).webm","File:Bryan Mbeumo, Le Nouveau Prince de Man United - Zack en Roue Libre (S09E19).webm","https://commons.wikimedia.org/wiki/File:Bryan_Mbeumo,_Le_Nouveau_Prince_de_Man_United_-_Zack_en_Roue_Libre_(S09E19).webm",https://upload.wikimedia.org/wikipedia/commons/9/91/Bryan_Mbeumo%2C_Le_Nouveau_Prince_de_Man_United_-_Zack_en_Roue_Libre_%28S09E19%29.webm?utm_source=commons.wikimedia.org&utm_campaign=imageinfo&utm_content=original,video/webm,1056284648,CC BY 3.0,https://creativecommons.org/licenses/by/3.0,,,,,irrelevant_title
WikimediaCommons,"Commons:File:Samir Nasri, Le Parcours du Petit Prince de Marseille - Zack en Roue Libre avec Samir Nasri (S06E27).webm","File:Samir Nasri, Le Parcours du Petit Prince de Marseille - Zack en Roue Libre avec Samir Nasri (S06E27).webm","https://commons.wikimedia.org/wiki/File:Samir_Nasri,_Le_Parcours_du_Petit_Prince_de_Marseille_-_Zack_en_Roue_Libre_avec_Samir_Nasri_(S06E27).webm",https://upload.wikimedia.org/wikipedia/commons/6/66/Samir_Nasri%2C_Le_Parcours_du_Petit_Prince_de_Marseille_-_Zack_en_Roue_Libre_avec_Samir_Nasri_%28S06E27%29.webm?utm_source=commons.wikimedia.org&utm_campaign=imageinfo&utm_content=original,video/webm,3783692463,CC BY 3.0,https://creativecommons.org/licenses/by/3.0,,,,,irrelevant_title
WikimediaCommons,Commons:File:U17 - 2. SKL - 21. krog - Nafta 1903 - Kety emmi Bistrica - 2. polčas.webm,File:U17 - 2. SKL - 21. krog - Nafta 1903 - Kety emmi Bistrica - 2. polčas.webm,https://commons.wikimedia.org/wiki/File:U17_-_2._SKL_-_21._krog_-_Nafta_1903_-_Kety_emmi_Bistrica_-_2._pol%C4%8Das.webm,https://upload.wikimedia.org/wikipedia/commons/4/42/U17_-_2._SKL_-_21._krog_-_Nafta_1903_-_Kety_emmi_Bistrica_-_2._pol%C4%8Das.webm?utm_source=commons.wikimedia.org&utm_campaign=imageinfo&utm_content=original,video/webm,2499675004,CC BY 3.0,https://creativecommons.org/licenses/by/3.0,football,junior,,,title_relevant
WikimediaCommons,Commons:File:U17 - 2. SKL - 22. krog - Nafta 1903 2-2 Hajdina - 1. polčas - 1-2.webm,File:U17 - 2. SKL - 22. krog - Nafta 1903 2-2 Hajdina - 1. polčas - 1-2.webm,https://commons.wikimedia.org/wiki/File:U17_-_2._SKL_-_22._krog_-_Nafta_1903_2-2_Hajdina_-_1._pol%C4%8Das_-_1-2.webm,https://upload.wikimedia.org/wikipedia/commons/b/bc/U17_-_2._SKL_-_22._krog_-_Nafta_1903_2-2_Hajdina_-_1._pol%C4%8Das_-_1-2.webm?utm_source=commons.wikimedia.org&utm_campaign=imageinfo&utm_content=original,video/webm,1667327404,CC BY 3.0,https://creativecommons.org/licenses/by/3.0,football,junior,,,title_relevant
WikimediaCommons,Commons:File:U17 - 2. SKL - 22. krog - Nafta 1903 2-2 Hajdina - 1. polčas - 2-2.webm,File:U17 - 2. SKL - 22. krog - Nafta 1903 2-2 Hajdina - 1. polčas - 2-2.webm,https://commons.wikimedia.org/wiki/File:U17_-_2._SKL_-_22._krog_-_Nafta_1903_2-2_Hajdina_-_1._pol%C4%8Das_-_2-2.webm,https://upload.wikimedia.org/wikipedia/commons/a/a9/U17_-_2._SKL_-_22._krog_-_Nafta_1903_2-2_Hajdina_-_1._pol%C4%8Das_-_2-2.webm?utm_source=commons.wikimedia.org&utm_campaign=imageinfo&utm_content=original,video/webm,3020109279,CC BY 3.0,https://creativecommons.org/licenses/by/3.0,football,junior,,,title_relevant
WikimediaCommons,Commons:File:U17 - 2. SKL - 22. krog - Nafta 1903 2-2 Hajdina - 2. polčas.webm,File:U17 - 2. SKL - 22. krog - Nafta 1903 2-2 Hajdina - 2. polčas.webm,https://commons.wikimedia.org/wiki/File:U17_-_2._SKL_-_22._krog_-_Nafta_1903_2-2_Hajdina_-_2._pol%C4%8Das.webm,https://upload.wikimedia.org/wikipedia/commons/f/f4/U17_-_2._SKL_-_22._krog_-_Nafta_1903_2-2_Hajdina_-_2._pol%C4%8Das.webm?utm_source=commons.wikimedia.org&utm_campaign=imageinfo&utm_content=original,video/webm,2963004648,CC BY 3.0,https://creativecommons.org/licenses/by/3.0,football,junior,,,title_relevant
WikimediaCommons,Commons:File:U17 - 2. SKL - 24. krog - Nafta 1903 0-2 (0-1) Šampion Celje - 1. polčas.webm,File:U17 - 2. SKL - 24. krog - Nafta 1903 0-2 (0-1) Šampion Celje - 1. polčas.webm,https://commons.wikimedia.org/wiki/File:U17_-_2._SKL_-_24._krog_-_Nafta_1903_0-2_(0-1)_%C5%A0ampion_Celje_-_1._pol%C4%8Das.webm,https://upload.wikimedia.org/wikipedia/commons/5/5b/U17_-_2._SKL_-_24._krog_-_Nafta_1903_0-2_%280-1%29_%C5%A0ampion_Celje_-_1._pol%C4%8Das.webm?utm_source=commons.wikimedia.org&utm_campaign=imageinfo&utm_content=original,video/webm,2560690829,CC BY 3.0,https://creativecommons.org/licenses/by/3.0,football,junior,,,title_relevant
WikimediaCommons,Commons:File:U17 - 2. SKL - 24. krog - Nafta 1903 0-2 (0-1) Šampion Celje - 2. polčas.webm,File:U17 - 2. SKL - 24. krog - Nafta 1903 0-2 (0-1) Šampion Celje - 2. polčas.webm,https://commons.wikimedia.org/wiki/File:U17_-_2._SKL_-_24._krog_-_Nafta_1903_0-2_(0-1)_%C5%A0ampion_Celje_-_2._pol%C4%8Das.webm,https://upload.wikimedia.org/wikipedia/commons/d/de/U17_-_2._SKL_-_24._krog_-_Nafta_1903_0-2_%280-1%29_%C5%A0ampion_Celje_-_2._pol%C4%8Das.webm?utm_source=commons.wikimedia.org&utm_campaign=imageinfo&utm_content=original,video/webm,2612585825,CC BY 3.0,https://creativecommons.org/licenses/by/3.0,football,junior,,,title_relevant
WikimediaCommons,Commons:File:U17 - Nafta 1903 0-2 Veržej - 1. polčas.webm,File:U17 - Nafta 1903 0-2 Veržej - 1. polčas.webm,https://commons.wikimedia.org/wiki/File:U17_-_Nafta_1903_0-2_Ver%C5%BEej_-_1._pol%C4%8Das.webm,https://upload.wikimedia.org/wikipedia/commons/b/b5/U17_-_Nafta_1903_0-2_Ver%C5%BEej_-_1._pol%C4%8Das.webm?utm_source=commons.wikimedia.org&utm_campaign=imageinfo&utm_content=original,video/webm,2727540236,CC BY 3.0,https://creativecommons.org/licenses/by/3.0,football,junior,,,title_relevant
WikimediaCommons,Commons:File:U17 - Nafta 1903 0-2 Veržej - 2. polčas.webm,File:U17 - Nafta 1903 0-2 Veržej - 2. polčas.webm,https://commons.wikimedia.org/wiki/File:U17_-_Nafta_1903_0-2_Ver%C5%BEej_-_2._pol%C4%8Das.webm,https://upload.wikimedia.org/wikipedia/commons/f/ff/U17_-_Nafta_1903_0-2_Ver%C5%BEej_-_2._pol%C4%8Das.webm?utm_source=commons.wikimedia.org&utm_campaign=imageinfo&utm_content=original,video/webm,2763341638,CC BY 3.0,https://creativecommons.org/licenses/by/3.0,football,junior,,,title_relevant
WikimediaCommons,Commons:File:U17 NK Nafta 1903 - NK Veržej U17 3-2 1 . polčas.webm,File:U17 NK Nafta 1903 - NK Veržej U17 3-2 1 . polčas.webm,https://commons.wikimedia.org/wiki/File:U17_NK_Nafta_1903_-_NK_Ver%C5%BEej_U17_3-2_1_._pol%C4%8Das.webm,https://upload.wikimedia.org/wikipedia/commons/a/a2/U17_NK_Nafta_1903_-_NK_Ver%C5%BEej_U17_3-2_1_._pol%C4%8Das.webm?utm_source=commons.wikimedia.org&utm_campaign=imageinfo&utm_content=original,video/webm,2754806494,CC BY 3.0,https://creativecommons.org/licenses/by/3.0,football,junior,,,title_relevant
WikimediaCommons,Commons:File:U17 NK Nafta 1903 - NK Veržej U17 3-2 2 . polčas.webm,File:U17 NK Nafta 1903 - NK Veržej U17 3-2 2 . polčas.webm,https://commons.wikimedia.org/wiki/File:U17_NK_Nafta_1903_-_NK_Ver%C5%BEej_U17_3-2_2_._pol%C4%8Das.webm,https://upload.wikimedia.org/wikipedia/commons/b/b7/U17_NK_Nafta_1903_-_NK_Ver%C5%BEej_U17_3-2_2_._pol%C4%8Das.webm?utm_source=commons.wikimedia.org&utm_campaign=imageinfo&utm_content=original,video/webm,3006197703,CC BY 3.0,https://creativecommons.org/licenses/by/3.0,football,junior,,,title_relevant
