query_id,source_dataset,youtube_id,source_url,title,channel,duration_sec,sport_label,candidate_gender,candidate_age,competition_url,event_id,match_evidence_url,video_review_status,review_status
FIBA-U16M-2025,YouTubeSearch,j-tShXPnZQo,https://www.youtube.com/watch?v=j-tShXPnZQo,FINAL | Serbia v Lithuania | Full Basketball Game | FIBA U16 EuroBasket 2025,FIBA Basketball,9646,basketball,male,youth,https://www.fiba.basketball/en/events/fiba-u16-eurobasket-2025,,,not_downloaded,needs_match_evidence
FIBA-U16M-2025,YouTubeSearch,lzKy7nIYucI,https://www.youtube.com/watch?v=lzKy7nIYucI,Group Phase | Germany v Serbia | Full Basketball Game | FIBA U16 EuroBasket 2025,FIBA Basketball,7585,basketball,male,youth,https://www.fiba.basketball/en/events/fiba-u16-eurobasket-2025,,,not_downloaded,needs_match_evidence
FIBA-U16W-2025,YouTubeSearch,5ydl5eBEAvg,https://www.youtube.com/watch?v=5ydl5eBEAvg,3rd Place Game | Latvia v Germany | Full Basketball Game | FIBA U16 Women's EuroBasket 2025,FIBA Basketball,7481,basketball,female,youth,https://www.fiba.basketball/en/events/fiba-u16-womens-eurobasket-2025,,,not_downloaded,needs_match_evidence
FIBA-U16W-2025,YouTubeSearch,feMdm5xbIII,https://www.youtube.com/watch?v=feMdm5xbIII,Class. Games 5-8 | France v Italy | Full Basketball Game | FIBA U16 Women's EuroBasket 2025,FIBA Basketball,7290,basketball,female,youth,https://www.fiba.basketball/en/events/fiba-u16-womens-eurobasket-2025,,,not_downloaded,needs_match_evidence
FIBA-U16W-2025,YouTubeSearch,wpj4eLif-zk,https://www.youtube.com/watch?v=wpj4eLif-zk,Final | Spain v Slovenia | Full Basketball Game | FIBA U16 Women's EuroBasket 2025,FIBA Basketball,9060,basketball,female,youth,https://www.fiba.basketball/en/events/fiba-u16-womens-eurobasket-2025,,,not_downloaded,needs_match_evidence
FIBA-U16W-2025,YouTubeSearch,7OZt4IAX5lM,https://www.youtube.com/watch?v=7OZt4IAX5lM,Group Phase | Austria v Ireland | Full Basketball Game | FIBA U16 Women's EuroBasket 2025 - Div. B,FIBA Basketball,7474,basketball,female,youth,https://www.fiba.basketball/en/events/fiba-u16-womens-eurobasket-2025,,,not_downloaded,needs_match_evidence
FIBA-U16W-2025,YouTubeSearch,wZApLQGfM7c,https://www.youtube.com/watch?v=wZApLQGfM7c,Quarter-Finals | Spain v France | Full Basketball Game | FIBA U16 Women's EuroBasket 2025,FIBA Basketball,7035,basketball,female,youth,https://www.fiba.basketball/en/events/fiba-u16-womens-eurobasket-2025,,,not_downloaded,needs_match_evidence
FIBA-U16W-2025,YouTubeSearch,q1uAj_E-v2I,https://www.youtube.com/watch?v=q1uAj_E-v2I,Round of 16 | France v Croatia | Full Basketball Game | FIBA U16 Women's EuroBasket 2025,FIBA Basketball,7500,basketball,female,youth,https://www.fiba.basketball/en/events/fiba-u16-womens-eurobasket-2025,,,not_downloaded,needs_match_evidence
FIBA-U16W-DIVB-2025,YouTubeSearch,MOOSUv206vI,https://www.youtube.com/watch?v=MOOSUv206vI,Bosnia and Herzegovina v Bulgaria | Full Basketball Game | FIBA U16 Women's EuroBasket 2025 Div B,FIBA Basketball,7229,basketball,female,youth,https://www.fiba.basketball/en/events/fiba-u16-womens-eurobasket-2025-division-b,,,not_downloaded,needs_match_evidence
FIBA-U16W-DIVB-2025,YouTubeSearch,h_VRGyEiITg,https://www.youtube.com/watch?v=h_VRGyEiITg,Class. 13-14 | Austria v Sweden | Full Basketball Game | FIBA U16 Women's EuroBasket 2025 Div B,FIBA Basketball,6385,basketball,female,youth,https://www.fiba.basketball/en/events/fiba-u16-womens-eurobasket-2025-division-b,,,not_downloaded,needs_match_evidence
FIBA-U16W-DIVB-2025,YouTubeSearch,JzfQcx7bNSM,https://www.youtube.com/watch?v=JzfQcx7bNSM,Class. 15-16 | Norway v Ukraine | Full Basketball Game | FIBA U16 Women's EuroBasket 2025 Div B,FIBA Basketball,7418,basketball,female,youth,https://www.fiba.basketball/en/events/fiba-u16-womens-eurobasket-2025-division-b,,,not_downloaded,needs_match_evidence
FIBA-U16W-DIVB-2025,YouTubeSearch,8VTIbq0ABus,https://www.youtube.com/watch?v=8VTIbq0ABus,Class. 5-6 | Slovakia v Netherlands | Full Basketball Game | FIBA U16 Women's EuroBasket 2025 Div B,FIBA Basketball,8672,basketball,female,youth,https://www.fiba.basketball/en/events/fiba-u16-womens-eurobasket-2025-division-b,,,not_downloaded,needs_match_evidence
FIBA-U16W-DIVB-2025,YouTubeSearch,G46jLFSoWoc,https://www.youtube.com/watch?v=G46jLFSoWoc,Class. 5-8 | NED v BIH | Full Basketball Game | FIBA U16 Women's EuroBasket 2025 Div. B,FIBA Basketball,7611,basketball,female,youth,https://www.fiba.basketball/en/events/fiba-u16-womens-eurobasket-2025-division-b,,,not_downloaded,needs_match_evidence
FIBA-U16W-DIVB-2025,YouTubeSearch,mNAjcCJ7LKM,https://www.youtube.com/watch?v=mNAjcCJ7LKM,Class. 9-10 | Greece v Iceland | Full Basketball Game | FIBA U16 Women's EuroBasket 2025 Div B,FIBA Basketball,8015,basketball,female,youth,https://www.fiba.basketball/en/events/fiba-u16-womens-eurobasket-2025-division-b,,,not_downloaded,needs_match_evidence
FIBA-U16W-DIVB-2025,YouTubeSearch,QU-Tomz7OYY,https://www.youtube.com/watch?v=QU-Tomz7OYY,Class. 9-12 | Iceland v Denmark | Full Basketball Game | FIBA U16 Women's EuroBasket 2025 Div B,FIBA Basketball,6581,basketball,female,youth,https://www.fiba.basketball/en/events/fiba-u16-womens-eurobasket-2025-division-b,,,not_downloaded,needs_match_evidence
FIBA-U16W-DIVB-2025,YouTubeSearch,JWr8yRx0woc,https://www.youtube.com/watch?v=JWr8yRx0woc,Class. 9-16 | Sweden v Iceland | Full Basketball Game | FIBA U16 Women's EuroBasket 2025 Div B,FIBA Basketball,7132,basketball,female,youth,https://www.fiba.basketball/en/events/fiba-u16-womens-eurobasket-2025-division-b,,,not_downloaded,needs_match_evidence
FIBA-U16W-DIVB-2025,YouTubeSearch,m5U9LfZJGls,https://www.youtube.com/watch?v=m5U9LfZJGls,Final | Lithuania v Bulgaria | Full Basketball Game | FIBA U16 Women's EuroBasket 2025 Div B,FIBA Basketball,8579,basketball,female,youth,https://www.fiba.basketball/en/events/fiba-u16-womens-eurobasket-2025-division-b,,,not_downloaded,needs_match_evidence
FIBA-U16W-DIVB-2025,YouTubeSearch,xYXMfxNNJkU,https://www.youtube.com/watch?v=xYXMfxNNJkU,Group Phase | BIH v NOR | Full Basketball Game | FIBA U16 Women's EuroBasket 2025 Div. B,FIBA Basketball,7850,basketball,female,youth,https://www.fiba.basketball/en/events/fiba-u16-womens-eurobasket-2025-division-b,,,not_downloaded,needs_match_evidence
FIBA-U16W-DIVB-2025,YouTubeSearch,4BEYPafHSGQ,https://www.youtube.com/watch?v=4BEYPafHSGQ,Group Phase | Ireland v Iceland | Full Basketball Game | FIBA U16 Women's EuroBasket 2025 - Div. B,FIBA Basketball,7276,basketball,female,youth,https://www.fiba.basketball/en/events/fiba-u16-womens-eurobasket-2025-division-b,,,not_downloaded,needs_match_evidence
FIBA-U16W-DIVB-2025,YouTubeSearch,KSqYqlQZXfc,https://www.youtube.com/watch?v=KSqYqlQZXfc,Group Phase | Switzerland v Iceland | Full Basketball Game | FIBA U16 Women's EuroBasket 2025 Div. B,FIBA Basketball,7506,basketball,female,youth,https://www.fiba.basketball/en/events/fiba-u16-womens-eurobasket-2025-division-b,,,not_downloaded,needs_match_evidence
FIBA-U16W-DIVB-2025,YouTubeSearch,kehQQA25S7Y,https://www.youtube.com/watch?v=kehQQA25S7Y,Group Phase | Ukraine v Bulgaria | Full Basketball Game | FIBA U16 Women's EuroBasket 2025 - Div. B,FIBA Basketball,7618,basketball,female,youth,https://www.fiba.basketball/en/events/fiba-u16-womens-eurobasket-2025-division-b,,,not_downloaded,needs_match_evidence
FIBA-U16W-DIVB-2025,YouTubeSearch,HXnu7JB7RDM,https://www.youtube.com/watch?v=HXnu7JB7RDM,Group Phase | Ukraine v Greece | Full Basketball Game | FIBA U16 Women's EuroBasket 2025 - Div. B,FIBA Basketball,7361,basketball,female,youth,https://www.fiba.basketball/en/events/fiba-u16-womens-eurobasket-2025-division-b,,,not_downloaded,needs_match_evidence
FIBA-U16W-DIVB-2025,YouTubeSearch,MxTikzamea8,https://www.youtube.com/watch?v=MxTikzamea8,Portugal v Bosnia and Herzegovina | Full Basketball Game | FIBA U16 Women's EuroBasket 2025 - Div. B,FIBA Basketball,6875,basketball,female,youth,https://www.fiba.basketball/en/events/fiba-u16-womens-eurobasket-2025-division-b,,,not_downloaded,needs_match_evidence
FIBA-U16W-DIVB-2025,YouTubeSearch,cN8XlPbE_U0,https://www.youtube.com/watch?v=cN8XlPbE_U0,Quarter-Finals | Lithuania v Portugal | Full Basketball Game |FIBA U16 Women's EuroBasket 2025 Div B,FIBA Basketball,7223,basketball,female,youth,https://www.fiba.basketball/en/events/fiba-u16-womens-eurobasket-2025-division-b,,,not_downloaded,needs_match_evidence
FIBA-U16W-DIVB-2025,YouTubeSearch,7UCklQXgWNg,https://www.youtube.com/watch?v=7UCklQXgWNg,Quarter-Finals | NED v SUI | Full Basketball Game | FIBA U16 Women's EuroBasket 2025 Div B,FIBA Basketball,7201,basketball,female,youth,https://www.fiba.basketball/en/events/fiba-u16-womens-eurobasket-2025-division-b,,,not_downloaded,needs_match_evidence
FIBA-U16W-DIVB-2025,YouTubeSearch,X9A7tBYF3wo,https://www.youtube.com/watch?v=X9A7tBYF3wo,Semi-Finals | Switzerland v Bulgaria | Full Basketball Game | FIBA U16 Women's EuroBasket 2025 Div B,FIBA Basketball,7024,basketball,female,youth,https://www.fiba.basketball/en/events/fiba-u16-womens-eurobasket-2025-division-b,,,not_downloaded,needs_match_evidence
FIBA-U16W-DIVB-2025,YouTubeSearch,emBGlBpb2ZY,https://www.youtube.com/watch?v=emBGlBpb2ZY,Semi-Finals | Türkiye v Lithuania | Full Basketball Game | FIBA U16 Women's EuroBasket 2025 Div B,FIBA Basketball,7575,basketball,female,youth,https://www.fiba.basketball/en/events/fiba-u16-womens-eurobasket-2025-division-b,,,not_downloaded,needs_match_evidence
FIFA-U17W-2025,YouTubeSearch,C8y5qlUC6UA,https://www.youtube.com/watch?v=C8y5qlUC6UA,Brazil vs China PR Highlights | FIFA U-17 Women's World Cup Morocco 2025™,FIFA,120,football,female,youth,https://www.fifa.com/en/tournaments/womens/u17womensworldcup/morocco-2025,,,not_downloaded,needs_match_evidence
FIFA-U17W-2025,YouTubeSearch,64j8T6H14jY,https://www.youtube.com/watch?v=64j8T6H14jY,Brazil vs Italy Highlights | FIFA U-17 Women's World Cup Morocco 2025™,FIFA,120,football,female,youth,https://www.fifa.com/en/tournaments/womens/u17womensworldcup/morocco-2025,,,not_downloaded,needs_match_evidence
FIFA-U17W-2025,YouTubeSearch,rG6De7woKLk,https://www.youtube.com/watch?v=rG6De7woKLk,Brazil vs Korea DPR Highlights | FIFA U-17 Women's World Cup Morocco 2025™,FIFA,120,football,female,youth,https://www.fifa.com/en/tournaments/womens/u17womensworldcup/morocco-2025,,,not_downloaded,needs_match_evidence
FIFA-U17W-2025,YouTubeSearch,Ue7TIkXuf5k,https://www.youtube.com/watch?v=Ue7TIkXuf5k,Brazil vs Mexico Highlights | FIFA U-17 Women's World Cup Morocco 2025™,FIFA,120,football,female,youth,https://www.fifa.com/en/tournaments/womens/u17womensworldcup/morocco-2025,,,not_downloaded,needs_match_evidence
FIFA-U17W-2025,YouTubeSearch,R0rq4UHn8yw,https://www.youtube.com/watch?v=R0rq4UHn8yw,Canada vs France Highlights | FIFA U-17 Women's World Cup Morocco 2025™,FIFA,120,football,female,youth,https://www.fifa.com/en/tournaments/womens/u17womensworldcup/morocco-2025,,,not_downloaded,needs_match_evidence
FIFA-U17W-2025,YouTubeSearch,FO6aE8Mf5nk,https://www.youtube.com/watch?v=FO6aE8Mf5nk,Costa Rica vs Morocco Highlights | FIFA U-17 Women's World Cup Morocco 2025™,FIFA,120,football,female,youth,https://www.fifa.com/en/tournaments/womens/u17womensworldcup/morocco-2025,,,not_downloaded,needs_match_evidence
FIFA-U17W-2025,YouTubeSearch,wH0pTti4yPs,https://www.youtube.com/watch?v=wH0pTti4yPs,Côte d'Ivoire vs Spain Highlights | FIFA U-17 Women's World Cup Morocco 2025™,FIFA,121,football,female,youth,https://www.fifa.com/en/tournaments/womens/u17womensworldcup/morocco-2025,,,not_downloaded,needs_match_evidence
FIFA-U17W-2025,YouTubeSearch,b0y50bweF1c,https://www.youtube.com/watch?v=b0y50bweF1c,Draw | FIFA U-17 Women's World Cup Morocco 2025™,FIFA,2583,football,female,youth,https://www.fifa.com/en/tournaments/womens/u17womensworldcup/morocco-2025,,,not_downloaded,needs_match_evidence
FIFA-U17W-2025,YouTubeSearch,64afRNASiaA,https://www.youtube.com/watch?v=64afRNASiaA,France vs Netherlands Highlights | FIFA U-17 Women's World Cup Morocco 2025™,FIFA,120,football,female,youth,https://www.fifa.com/en/tournaments/womens/u17womensworldcup/morocco-2025,,,not_downloaded,needs_match_evidence
FIFA-U17W-2025,YouTubeSearch,vBa4-Js5LhE,https://www.youtube.com/watch?v=vBa4-Js5LhE,Full Match: Costa Rica v Brazil | FIFA U-17 Women's World Cup Morocco 2025™,FIFA,8545,football,female,youth,https://www.fifa.com/en/tournaments/womens/u17womensworldcup/morocco-2025,,,not_downloaded,needs_match_evidence
FIFA-U17W-2025,YouTubeSearch,e-DqOvkw_no,https://www.youtube.com/watch?v=e-DqOvkw_no,Italy vs Nigeria Highlights | FIFA U-17 Women's World Cup Morocco 2025™,FIFA,120,football,female,youth,https://www.fifa.com/en/tournaments/womens/u17womensworldcup/morocco-2025,,,not_downloaded,needs_match_evidence
FIFA-U17W-2025,YouTubeSearch,vwgfQn8J8f8,https://www.youtube.com/watch?v=vwgfQn8J8f8,Japan vs Colombia Highlights | FIFA U-17 Women's World Cup Morocco 2025™,FIFA,120,football,female,youth,https://www.fifa.com/en/tournaments/womens/u17womensworldcup/morocco-2025,,,not_downloaded,needs_match_evidence
FIFA-U17W-2025,YouTubeSearch,EC5r_AW4ozU,https://www.youtube.com/watch?v=EC5r_AW4ozU,Japan vs New Zealand Highlights | FIFA U-17 Women's World Cup Morocco 2025™,FIFA,120,football,female,youth,https://www.fifa.com/en/tournaments/womens/u17womensworldcup/morocco-2025,,,not_downloaded,needs_match_evidence
FIFA-U17W-2025,YouTubeSearch,rFgWlKXOXLo,https://www.youtube.com/watch?v=rFgWlKXOXLo,Japan vs Zambia Highlights | FIFA U-17 Women's World Cup Morocco 2025™,FIFA,120,football,female,youth,https://www.fifa.com/en/tournaments/womens/u17womensworldcup/morocco-2025,,,not_downloaded,needs_match_evidence
FIFA-U17W-2025,YouTubeSearch,TgCFd3RznZE,https://www.youtube.com/watch?v=TgCFd3RznZE,Korea DPR vs Japan Highlights | FIFA U-17 Women's World Cup Morocco 2025™,FIFA,120,football,female,youth,https://www.fifa.com/en/tournaments/womens/u17womensworldcup/morocco-2025,,,not_downloaded,needs_match_evidence
FIFA-U17W-2025,YouTubeSearch,ogkgd6aEoHY,https://www.youtube.com/watch?v=ogkgd6aEoHY,Korea DPR vs Morocco Highlights | FIFA U-17 Women's World Cup Morocco 2025™,FIFA,120,football,female,youth,https://www.fifa.com/en/tournaments/womens/u17womensworldcup/morocco-2025,,,not_downloaded,needs_match_evidence
FIFA-U17W-2025,YouTubeSearch,I2rSY3SdLhg,https://www.youtube.com/watch?v=I2rSY3SdLhg,Morocco vs Brazil Highlights | FIFA U-17 Women's World Cup Morocco 2025™,FIFA,120,football,female,youth,https://www.fifa.com/en/tournaments/womens/u17womensworldcup/morocco-2025,,,not_downloaded,needs_match_evidence
FIFA-U17W-2025,YouTubeSearch,6D6VRCKndyc,https://www.youtube.com/watch?v=6D6VRCKndyc,Morocco vs Italy Highlights | FIFA U-17 Women's World Cup Morocco 2025™,FIFA,120,football,female,youth,https://www.fifa.com/en/tournaments/womens/u17womensworldcup/morocco-2025,,,not_downloaded,needs_match_evidence
FIFA-U17W-2025,YouTubeSearch,p-MSfRs6UY8,https://www.youtube.com/watch?v=p-MSfRs6UY8,Netherlands vs Korea DPR Highlights | FIFA U-17 Women's World Cup Morocco 2025™,FIFA,121,football,female,youth,https://www.fifa.com/en/tournaments/womens/u17womensworldcup/morocco-2025,,,not_downloaded,needs_match_evidence
FIFA-U17W-2025,YouTubeSearch,tYrAzUOqwqw,https://www.youtube.com/watch?v=tYrAzUOqwqw,Netherlands vs USA Highlights | FIFA U-17 Women's World Cup Morocco 2025™,FIFA,120,football,female,youth,https://www.fifa.com/en/tournaments/womens/u17womensworldcup/morocco-2025,,,not_downloaded,needs_match_evidence
FIFA-U17W-2025,YouTubeSearch,Ga_7ZrY-QUA,https://www.youtube.com/watch?v=Ga_7ZrY-QUA,New Zealand vs Zambia Highlights | FIFA U-17 Women's World Cup Morocco 2025™,FIFA,120,football,female,youth,https://www.fifa.com/en/tournaments/womens/u17womensworldcup/morocco-2025,,,not_downloaded,needs_match_evidence
FIFA-U17W-2025,YouTubeSearch,U53JzVb_jdg,https://www.youtube.com/watch?v=U53JzVb_jdg,Nigeria vs Canada Highlights | FIFA U-17 Women's World Cup Morocco 2025™,FIFA,120,football,female,youth,https://www.fifa.com/en/tournaments/womens/u17womensworldcup/morocco-2025,,,not_downloaded,needs_match_evidence
FIFA-U17W-2025,YouTubeSearch,jGgY2DBDePQ,https://www.youtube.com/watch?v=jGgY2DBDePQ,Nigeria vs France Highlights | FIFA U-17 Women's World Cup Morocco 2025™,FIFA,120,football,female,youth,https://www.fifa.com/en/tournaments/womens/u17womensworldcup/morocco-2025,,,not_downloaded,needs_match_evidence
FIFA-U17W-2025,YouTubeSearch,vaRoj2nJPng,https://www.youtube.com/watch?v=vaRoj2nJPng,Norway vs USA Highlights | FIFA U-17 Women's World Cup Morocco 2025™,FIFA,120,football,female,youth,https://www.fifa.com/en/tournaments/womens/u17womensworldcup/morocco-2025,,,not_downloaded,needs_match_evidence
FIFA-U17W-2025,YouTubeSearch,-cMZQZjdS0M,https://www.youtube.com/watch?v=-cMZQZjdS0M,Paraguay vs New Zealand Highlights | FIFA U-17 Women's World Cup Morocco 2025™,FIFA,120,football,female,youth,https://www.fifa.com/en/tournaments/womens/u17womensworldcup/morocco-2025,,,not_downloaded,needs_match_evidence
FIFA-U17W-2025,YouTubeSearch,TdRuQULN-Ko,https://www.youtube.com/watch?v=TdRuQULN-Ko,Samoa vs Nigeria Highlights | FIFA U-17 Women's World Cup Morocco 2025™,FIFA,120,football,female,youth,https://www.fifa.com/en/tournaments/womens/u17womensworldcup/morocco-2025,,,not_downloaded,needs_match_evidence
FIFA-U17W-2025,YouTubeSearch,7hX_nwtuEMY,https://www.youtube.com/watch?v=7hX_nwtuEMY,The Final: Korea DPR vs Netherlands Highlights | FIFA U-17 Women's World Cup Morocco 2025™,FIFA,120,football,female,youth,https://www.fifa.com/en/tournaments/womens/u17womensworldcup/morocco-2025,,,not_downloaded,needs_match_evidence
FIFA-U17W-2025,YouTubeSearch,yGYnij3d1dc,https://www.youtube.com/watch?v=yGYnij3d1dc,The Official Opening Ceremony | FIFA U-17 Women's World Cup Morocco 2025™,FIFA,307,football,female,youth,https://www.fifa.com/en/tournaments/womens/u17womensworldcup/morocco-2025,,,not_downloaded,needs_match_evidence
FIFA-U17W-2025,YouTubeSearch,Hkvc7dtjM3Y,https://www.youtube.com/watch?v=Hkvc7dtjM3Y,USA vs China PR Highlights | FIFA U-17 Women's World Cup Morocco 2025™,FIFA,120,football,female,youth,https://www.fifa.com/en/tournaments/womens/u17womensworldcup/morocco-2025,,,not_downloaded,needs_match_evidence
TENNIS-EASTER-B14,YouTubeSearch,4TXUXBimIW0,https://www.youtube.com/watch?v=4TXUXBimIW0,2024 B14s Easter Bowl final,ZooTennis.com,265,tennis,male,youth,https://easterbowl.com/past-champions/,,,not_downloaded,needs_match_evidence
TENNIS-EASTER-B14,YouTubeSearch,VyaxKaIg3vs,https://www.youtube.com/watch?v=VyaxKaIg3vs,B14s Adidas Easter Bowl final 2019,ZooTennis.com,251,tennis,male,youth,https://easterbowl.com/past-champions/,,,not_downloaded,needs_match_evidence
TENNIS-EASTER-B14,YouTubeSearch,WWE5A84o_vA,https://www.youtube.com/watch?v=WWE5A84o_vA,B14s Easter Bowl Final 2018,ZooTennis.com,205,tennis,male,youth,https://easterbowl.com/past-champions/,,,not_downloaded,needs_match_evidence
TENNIS-EASTER-B14,YouTubeSearch,FXuh-TY8T9Y,https://www.youtube.com/watch?v=FXuh-TY8T9Y,B14s Easter Bowl Final 2022,ZooTennis.com,317,tennis,male,youth,https://easterbowl.com/past-champions/,,,not_downloaded,needs_match_evidence
TENNIS-EASTER-B14,YouTubeSearch,jBnueKAPUxg,https://www.youtube.com/watch?v=jBnueKAPUxg,Easter Bowl B14s Final 2023,ZooTennis.com,355,tennis,male,youth,https://easterbowl.com/past-champions/,,,not_downloaded,needs_match_evidence
TENNIS-EASTER-B14,YouTubeSearch,eE8opOCiS84,https://www.youtube.com/watch?v=eE8opOCiS84,Jung Easter Bowl B14s 2021,ZooTennis.com,142,tennis,male,youth,https://easterbowl.com/past-champions/,,,not_downloaded,needs_match_evidence
TENNIS-EASTER-B14,YouTubeSearch,3AB3YDd40yU,https://www.youtube.com/watch?v=3AB3YDd40yU,Match Point  FILA Easter Bowl B14s Final,ZooTennis.com,32,tennis,male,youth,https://easterbowl.com/past-champions/,,,not_downloaded,needs_match_evidence
TENNIS-EASTER-B14,YouTubeSearch,Rrx3S7Gt8tc,https://www.youtube.com/watch?v=Rrx3S7Gt8tc,USTA 2026 Easter Bowl B14s final,ZooTennis.com,377,tennis,male,youth,https://easterbowl.com/past-champions/,,,not_downloaded,needs_match_evidence
TENNIS-EASTER-B14,YouTubeSearch,45PS7NFlwXY,https://www.youtube.com/watch?v=45PS7NFlwXY,USTA Easter Bowl B14s final 2025,ZooTennis.com,333,tennis,male,youth,https://easterbowl.com/past-champions/,,,not_downloaded,needs_match_evidence
TENNIS-EASTER-G14,YouTubeSearch,VwYpQakUWMc,https://www.youtube.com/watch?v=VwYpQakUWMc,2024 G14s Easter Bowl final,ZooTennis.com,249,tennis,female,youth,https://easterbowl.com/past-champions/,,,not_downloaded,needs_match_evidence
TENNIS-EASTER-G14,YouTubeSearch,4rRDctPWo8s,https://www.youtube.com/watch?v=4rRDctPWo8s,Easter Bowl G14s final 2023,ZooTennis.com,341,tennis,female,youth,https://easterbowl.com/past-champions/,,,not_downloaded,needs_match_evidence
TENNIS-EASTER-G14,YouTubeSearch,TGy_LC4txw0,https://www.youtube.com/watch?v=TGy_LC4txw0,Eva Oxford 2021 Eddie Herr G14s Final,ZooTennis.com,134,tennis,female,youth,https://easterbowl.com/past-champions/,,,not_downloaded,needs_match_evidence
TENNIS-EASTER-G14,YouTubeSearch,OW-Qp7dbfKE,https://www.youtube.com/watch?v=OW-Qp7dbfKE,G14s Adidas Easter Bowl Final,ZooTennis.com,152,tennis,female,youth,https://easterbowl.com/past-champions/,,,not_downloaded,needs_match_evidence
TENNIS-EASTER-G14,YouTubeSearch,0Bk0dVuCamg,https://www.youtube.com/watch?v=0Bk0dVuCamg,G14s Easter Bowl Final 2018,ZooTennis.com,245,tennis,female,youth,https://easterbowl.com/past-champions/,,,not_downloaded,needs_match_evidence
TENNIS-EASTER-G14,YouTubeSearch,YLL_J58-Kl0,https://www.youtube.com/watch?v=YLL_J58-Kl0,G14s Easter Bowl Final 2022,ZooTennis.com,215,tennis,female,youth,https://easterbowl.com/past-champions/,,,not_downloaded,needs_match_evidence
TENNIS-EASTER-G14,YouTubeSearch,fSmUnnmC-xw,https://www.youtube.com/watch?v=fSmUnnmC-xw,Iva Jovic  2021Junior Orange Bowl G14s Final,ZooTennis.com,270,tennis,female,youth,https://easterbowl.com/past-champions/,,,not_downloaded,needs_match_evidence
TENNIS-EASTER-G14,YouTubeSearch,zZsFJKb-Vww,https://www.youtube.com/watch?v=zZsFJKb-Vww,Jovic Easter Bowl G14s 2021,ZooTennis.com,140,tennis,female,youth,https://easterbowl.com/past-champions/,,,not_downloaded,needs_match_evidence
TENNIS-EASTER-G14,YouTubeSearch,jTF3ZSLUmyY,https://www.youtube.com/watch?v=jTF3ZSLUmyY,Match Point FILA Easter Bowl G14s Final,ZooTennis.com,30,tennis,female,youth,https://easterbowl.com/past-champions/,,,not_downloaded,needs_match_evidence
TENNIS-EASTER-G14,YouTubeSearch,HOqW63vlX0U,https://www.youtube.com/watch?v=HOqW63vlX0U,Match point 2021 G14s Junior Orange Bowl final,ZooTennis.com,37,tennis,female,youth,https://easterbowl.com/past-champions/,,,not_downloaded,needs_match_evidence
TENNIS-EASTER-G14,YouTubeSearch,bCHgYcuRtzM,https://www.youtube.com/watch?v=bCHgYcuRtzM,Shannon Lam 2021 Junior Orange Bowl G14s Final,ZooTennis.com,229,tennis,female,youth,https://easterbowl.com/past-champions/,,,not_downloaded,needs_match_evidence
TENNIS-EASTER-G14,YouTubeSearch,k0KNa1TghI8,https://www.youtube.com/watch?v=k0KNa1TghI8,USTA 2026 Easter Bowl G14s Final,ZooTennis.com,356,tennis,female,youth,https://easterbowl.com/past-champions/,,,not_downloaded,needs_match_evidence
TENNIS-EASTER-G14,YouTubeSearch,bisRHliEluM,https://www.youtube.com/watch?v=bisRHliEluM,USTA Easter Bowl G14s final 2025,ZooTennis.com,304,tennis,female,youth,https://easterbowl.com/past-champions/,,,not_downloaded,needs_match_evidence
TENNIS-EASTER-G14,YouTubeSearch,DuesJZ7osSI,https://www.youtube.com/watch?v=DuesJZ7osSI,Zhao Easter Bowl G14s 2021,ZooTennis.com,150,tennis,female,youth,https://easterbowl.com/past-champions/,,,not_downloaded,needs_match_evidence
AVC-U16M-2025,YouTubeSearch,ZY5OqZ5s4Zs,https://www.youtube.com/watch?v=ZY5OqZ5s4Zs,AUS - CHN I PRELIMINARY ROUND I 2ND ASIAN MEN'S U16,Asian Volleyball Confederation,6800,volleyball,male,youth,https://asianvolleyball.net/new/2nd-asian-mens-u16-volleyball-championship/,,,not_downloaded,needs_match_evidence
AVC-U16M-2025,YouTubeSearch,jAXrJgQb8Qs,https://www.youtube.com/watch?v=jAXrJgQb8Qs,AUS VS HKG  I SF 9-12 I 2ND ASIAN MEN'S U16,Asian Volleyball Confederation,9042,volleyball,male,youth,https://asianvolleyball.net/new/2nd-asian-mens-u16-volleyball-championship/,,,not_downloaded,needs_match_evidence
AVC-U16M-2025,YouTubeSearch,Ut7k6SO7pzw,https://www.youtube.com/watch?v=Ut7k6SO7pzw,AUS VS KSA  I F 13-14 I 2ND ASIAN MEN'S U16,Asian Volleyball Confederation,8271,volleyball,male,youth,https://asianvolleyball.net/new/2nd-asian-mens-u16-volleyball-championship/,,,not_downloaded,needs_match_evidence
AVC-U16M-2025,YouTubeSearch,FpgGXf4ZEAE,https://www.youtube.com/watch?v=FpgGXf4ZEAE,CHN VS MGL I CLASSIFICATION ROUND I 2ND ASIAN MEN'S U16,Asian Volleyball Confederation,6735,volleyball,male,youth,https://asianvolleyball.net/new/2nd-asian-mens-u16-volleyball-championship/,,,not_downloaded,needs_match_evidence
AVC-U16M-2025,YouTubeSearch,M3JpY8WmKsA,https://www.youtube.com/watch?v=M3JpY8WmKsA,CHN-IND I PRELIMINARY ROUND I 2ND ASIAN MEN'S U16,Asian Volleyball Confederation,6130,volleyball,male,youth,https://asianvolleyball.net/new/2nd-asian-mens-u16-volleyball-championship/,,,not_downloaded,needs_match_evidence
AVC-U16M-2025,YouTubeSearch,H65umG7yZ-A,https://www.youtube.com/watch?v=H65umG7yZ-A,HKG - INA I PRELIMINARY ROUND I 2ND ASIAN MEN'S U16,Asian Volleyball Confederation,6121,volleyball,male,youth,https://asianvolleyball.net/new/2nd-asian-mens-u16-volleyball-championship/,,,not_downloaded,needs_match_evidence
AVC-U16M-2025,YouTubeSearch,Q3W-OhF2qRY,https://www.youtube.com/watch?v=Q3W-OhF2qRY,HKG VS KSA  I CLASSIFICATION ROUND I 2ND ASIAN MEN'S U16,Asian Volleyball Confederation,8651,volleyball,male,youth,https://asianvolleyball.net/new/2nd-asian-mens-u16-volleyball-championship/,,,not_downloaded,needs_match_evidence
AVC-U16M-2025,YouTubeSearch,CzBOJDYdPE8,https://www.youtube.com/watch?v=CzBOJDYdPE8,INA - KAZ I PRELIMINARY ROUND I 2ND ASIAN MEN'S U16,Asian Volleyball Confederation,7276,volleyball,male,youth,https://asianvolleyball.net/new/2nd-asian-mens-u16-volleyball-championship/,,,not_downloaded,needs_match_evidence
AVC-U16M-2025,YouTubeSearch,wgWQHXzivdw,https://www.youtube.com/watch?v=wgWQHXzivdw,IND - AUS I PRELIMINARY ROUND I 2ND ASIAN MEN'S U16,Asian Volleyball Confederation,5274,volleyball,male,youth,https://asianvolleyball.net/new/2nd-asian-mens-u16-volleyball-championship/,,,not_downloaded,needs_match_evidence
AVC-U16M-2025,YouTubeSearch,AMEQOg4FsrM,https://www.youtube.com/watch?v=AMEQOg4FsrM,IND VS JPN I CLASSIFICATION ROUND I 2ND ASIAN MEN'S U16,Asian Volleyball Confederation,7556,volleyball,male,youth,https://asianvolleyball.net/new/2nd-asian-mens-u16-volleyball-championship/,,,not_downloaded,needs_match_evidence
AVC-U16M-2025,YouTubeSearch,PwGzA-BxPJw,https://www.youtube.com/watch?v=PwGzA-BxPJw,IND VS UZB  I CLASSIFICATION ROUND I 2ND ASIAN MEN'S U16,Asian Volleyball Confederation,9235,volleyball,male,youth,https://asianvolleyball.net/new/2nd-asian-mens-u16-volleyball-championship/,,,not_downloaded,needs_match_evidence
AVC-U16M-2025,YouTubeSearch,U4caEcuSxCw,https://www.youtube.com/watch?v=U4caEcuSxCw,IRI - INA I PRELIMINARY ROUND I 2ND ASIAN MEN'S U16,Asian Volleyball Confederation,8555,volleyball,male,youth,https://asianvolleyball.net/new/2nd-asian-mens-u16-volleyball-championship/,,,not_downloaded,needs_match_evidence
AVC-U16M-2025,YouTubeSearch,w5f-QYVvjt8,https://www.youtube.com/watch?v=w5f-QYVvjt8,IRI - INA I PRELIMINARY ROUND I 2ND ASIAN MEN'S U16,Asian Volleyball Confederation,350,volleyball,male,youth,https://asianvolleyball.net/new/2nd-asian-mens-u16-volleyball-championship/,,,not_downloaded,needs_match_evidence
AVC-U16M-2025,YouTubeSearch,wEcbyAF4bB4,https://www.youtube.com/watch?v=wEcbyAF4bB4,IRI VS PAK I CLASSIFICATION ROUND I 2ND ASIAN MEN'S U16,Asian Volleyball Confederation,10200,volleyball,male,youth,https://asianvolleyball.net/new/2nd-asian-mens-u16-volleyball-championship/,,,not_downloaded,needs_match_evidence
AVC-U16M-2025,YouTubeSearch,MuMZxWJegLc,https://www.youtube.com/watch?v=MuMZxWJegLc,IRI VS PAK I GOLD MATCH I 2ND ASIAN MEN'S U16,Asian Volleyball Confederation,12440,volleyball,male,youth,https://asianvolleyball.net/new/2nd-asian-mens-u16-volleyball-championship/,,,not_downloaded,needs_match_evidence
AVC-U16M-2025,YouTubeSearch,demXbC5Zi38,https://www.youtube.com/watch?v=demXbC5Zi38,JPN - MGL I PRELIMINARY ROUND I 2ND ASIAN MEN'S U16,Asian Volleyball Confederation,5806,volleyball,male,youth,https://asianvolleyball.net/new/2nd-asian-mens-u16-volleyball-championship/,,,not_downloaded,needs_match_evidence
AVC-U16M-2025,YouTubeSearch,mKjf1Or4wlI,https://www.youtube.com/watch?v=mKjf1Or4wlI,JPN VS IND I F 3-4 I 2ND ASIAN MEN'S U16,Asian Volleyball Confederation,8391,volleyball,male,youth,https://asianvolleyball.net/new/2nd-asian-mens-u16-volleyball-championship/,,,not_downloaded,needs_match_evidence
AVC-U16M-2025,YouTubeSearch,BC9Pe4pUb7o,https://www.youtube.com/watch?v=BC9Pe4pUb7o,JPN VS IRI I SF 1-4 I 2ND ASIAN MEN'S U16,Asian Volleyball Confederation,5901,volleyball,male,youth,https://asianvolleyball.net/new/2nd-asian-mens-u16-volleyball-championship/,,,not_downloaded,needs_match_evidence
AVC-U16M-2025,YouTubeSearch,bXLnJeclAO8,https://www.youtube.com/watch?v=bXLnJeclAO8,KAZ VS CHN  I F 11-12 I 2ND ASIAN MEN'S U16,Asian Volleyball Confederation,9535,volleyball,male,youth,https://asianvolleyball.net/new/2nd-asian-mens-u16-volleyball-championship/,,,not_downloaded,needs_match_evidence
AVC-U16M-2025,YouTubeSearch,1h198khbtBs,https://www.youtube.com/watch?v=1h198khbtBs,KSA - PAK I PRELIMINARY ROUND I 2ND ASIAN MEN'S U16,Asian Volleyball Confederation,5286,volleyball,male,youth,https://asianvolleyball.net/new/2nd-asian-mens-u16-volleyball-championship/,,,not_downloaded,needs_match_evidence
AVC-U16M-2025,YouTubeSearch,dCFRiFIX4Lw,https://www.youtube.com/watch?v=dCFRiFIX4Lw,PAK - KOR I PRELIMINARY ROUND I 2ND ASIAN MEN'S U16,Asian Volleyball Confederation,5671,volleyball,male,youth,https://asianvolleyball.net/new/2nd-asian-mens-u16-volleyball-championship/,,,not_downloaded,needs_match_evidence
AVC-U16M-2025,YouTubeSearch,oZ-F2yRzI6E,https://www.youtube.com/watch?v=oZ-F2yRzI6E,PAK VS INA  I CLASSIFICATION ROUND I 2ND ASIAN MEN'S U16,Asian Volleyball Confederation,6136,volleyball,male,youth,https://asianvolleyball.net/new/2nd-asian-mens-u16-volleyball-championship/,,,not_downloaded,needs_match_evidence
AVC-U16M-2025,YouTubeSearch,RoKJQ7wqnxg,https://www.youtube.com/watch?v=RoKJQ7wqnxg,PAK VS IND I SF 1-4 I 2ND ASIAN MEN'S U16,Asian Volleyball Confederation,5140,volleyball,male,youth,https://asianvolleyball.net/new/2nd-asian-mens-u16-volleyball-championship/,,,not_downloaded,needs_match_evidence
AVC-U16M-2025,YouTubeSearch,QX7xeEbS4aQ,https://www.youtube.com/watch?v=QX7xeEbS4aQ,THA - IND I PRELIMINARY ROUND I 2ND ASIAN MEN'S U16,Asian Volleyball Confederation,6391,volleyball,male,youth,https://asianvolleyball.net/new/2nd-asian-mens-u16-volleyball-championship/,,,not_downloaded,needs_match_evidence
AVC-U16M-2025,YouTubeSearch,R74oOFvxsxk,https://www.youtube.com/watch?v=R74oOFvxsxk,THA VS INA I SF 5-8 I 2ND ASIAN MEN'S U16,Asian Volleyball Confederation,9113,volleyball,male,youth,https://asianvolleyball.net/new/2nd-asian-mens-u16-volleyball-championship/,,,not_downloaded,needs_match_evidence
AVC-U16M-2025,YouTubeSearch,Zmf_DOPDlm8,https://www.youtube.com/watch?v=Zmf_DOPDlm8,THA VS KOR I F 7-8 I 2ND ASIAN MEN'S U16,Asian Volleyball Confederation,8496,volleyball,male,youth,https://asianvolleyball.net/new/2nd-asian-mens-u16-volleyball-championship/,,,not_downloaded,needs_match_evidence
AVC-U16M-2025,YouTubeSearch,62le-BrkA4s,https://www.youtube.com/watch?v=62le-BrkA4s,THA-AUS I PRELIMINARY ROUND I 2ND ASIAN MEN'S U16,Asian Volleyball Confederation,6100,volleyball,male,youth,https://asianvolleyball.net/new/2nd-asian-mens-u16-volleyball-championship/,,,not_downloaded,needs_match_evidence
AVC-U16M-2025,YouTubeSearch,oKFdjNf6ne8,https://www.youtube.com/watch?v=oKFdjNf6ne8,TPE VS CHN  I SF 9-12 I 2ND ASIAN MEN'S U16,Asian Volleyball Confederation,8300,volleyball,male,youth,https://asianvolleyball.net/new/2nd-asian-mens-u16-volleyball-championship/,,,not_downloaded,needs_match_evidence
AVC-U16M-2025,YouTubeSearch,xufUADETuDM,https://www.youtube.com/watch?v=xufUADETuDM,TPE-PAK I PRELIMINARY ROUND I 2ND ASIAN MEN'S U16,Asian Volleyball Confederation,6551,volleyball,male,youth,https://asianvolleyball.net/new/2nd-asian-mens-u16-volleyball-championship/,,,not_downloaded,needs_match_evidence
CEV-U16W-2025,YouTubeSearch,5iEYoBLKoOQ,https://www.youtube.com/watch?v=5iEYoBLKoOQ,BULGARIA v LITHUANIA | CEV U16 Volleyball European Championship 2025 | Women,Lithuania Volleyball,6945,volleyball,female,youth,https://www.cev.eu/match-centres/cev-u16-volleyball-european-championship-2025/cev-u16-volleyball-european-championship-2025-women/,,,not_downloaded,needs_match_evidence
CEV-U16W-2025,YouTubeSearch,JMJHVtDjh_s,https://www.youtube.com/watch?v=JMJHVtDjh_s,BULGARIA v UKRAINE | CEV U16 Volleyball European Championship 2025 | Women,Lithuania Volleyball,8041,volleyball,female,youth,https://www.cev.eu/match-centres/cev-u16-volleyball-european-championship-2025/cev-u16-volleyball-european-championship-2025-women/,,,not_downloaded,needs_match_evidence
CEV-U16W-2025,YouTubeSearch,zuYN6ZoqYYM,https://www.youtube.com/watch?v=zuYN6ZoqYYM,GEORGIA v BULGARIA | CEV U16 Volleyball European Championship 2025 | Women,Lithuania Volleyball,5210,volleyball,female,youth,https://www.cev.eu/match-centres/cev-u16-volleyball-european-championship-2025/cev-u16-volleyball-european-championship-2025-women/,,,not_downloaded,needs_match_evidence
CEV-U16W-2025,YouTubeSearch,o22piG0mHZM,https://www.youtube.com/watch?v=o22piG0mHZM,LITHUANIA v GEORGIA | CEV U16 Volleyball European Championship 2025 | Women,Lithuania Volleyball,5506,volleyball,female,youth,https://www.cev.eu/match-centres/cev-u16-volleyball-european-championship-2025/cev-u16-volleyball-european-championship-2025-women/,,,not_downloaded,needs_match_evidence
CEV-U16W-2025,YouTubeSearch,EEDenk8sujA,https://www.youtube.com/watch?v=EEDenk8sujA,UKRAINE v GEORGIA | CEV U16 Volleyball European Championship 2025 | Women,Lithuania Volleyball,4510,volleyball,female,youth,https://www.cev.eu/match-centres/cev-u16-volleyball-european-championship-2025/cev-u16-volleyball-european-championship-2025-women/,,,not_downloaded,needs_match_evidence
CEV-U16W-2025,YouTubeSearch,D6dG7uzudPQ,https://www.youtube.com/watch?v=D6dG7uzudPQ,UKRAINE v LITHUANIA | CEV U16 Volleyball European Championship 2025 | Women,Lithuania Volleyball,4730,volleyball,female,youth,https://www.cev.eu/match-centres/cev-u16-volleyball-european-championship-2025/cev-u16-volleyball-european-championship-2025-women/,,,not_downloaded,needs_match_evidence
