run_id,stage,model,frames,epochs,encoder_frozen,unfreeze_last_blocks,config,metrics_dir
A1_dinov2_multisports_adapt,02_adaptation,dinov2_small,4,4,True,0,outputs/A1_dinov2_multisports_adapt/config.json,outputs/A1_dinov2_multisports_adapt
A2_r3d18_multisports_adapt,02_adaptation,r3d_18,16,2,False,0,outputs/A2_r3d18_multisports_adapt/config.json,outputs/A2_r3d18_multisports_adapt
A3_dinov2_mixed,02_adaptation,dinov2_small,4,3,True,0,outputs/A3_dinov2_mixed/config.json,outputs/A3_dinov2_mixed
A4_r3d18_mixed,02_adaptation,r3d_18,16,2,False,0,outputs/A4_r3d18_mixed/config.json,outputs/A4_r3d18_mixed
A5_x3d_xs_mixed,02_adaptation,x3d_xs,4,2,False,0,outputs/A5_x3d_xs_mixed/config.json,outputs/A5_x3d_xs_mixed
E0_siglip,01_ucf101,data/models/siglip-base-patch16-224,1/4/8,0,,0,outputs/E0_siglip/config.json,outputs/E0_siglip
E0_siglip_probe,06_smoke,data/models/siglip-base-patch16-224,1/4/8,0,,0,outputs/E0_siglip_probe/config.json,outputs/E0_siglip_probe
E1_efficientnet_b0_1f,01_ucf101,efficientnet_b0,1,2,False,0,outputs/E1_efficientnet_b0_1f/config.json,outputs/E1_efficientnet_b0_1f
E1_efficientnet_b0_1f_b2,01_ucf101,efficientnet_b0,1,2,False,0,outputs/E1_efficientnet_b0_1f_b2/config.json,outputs/E1_efficientnet_b0_1f_b2
E1_efficientnet_b4_1f,01_ucf101,tf_efficientnet_b4,1,2,False,0,outputs/E1_efficientnet_b4_1f/config.json,outputs/E1_efficientnet_b4_1f
E2_efficientnet_b0_8f,01_ucf101,efficientnet_b0,8,2,False,0,outputs/E2_efficientnet_b0_8f/config.json,outputs/E2_efficientnet_b0_8f
E2_efficientnet_b4_4f,01_ucf101,tf_efficientnet_b4,4,2,False,0,outputs/E2_efficientnet_b4_4f/config.json,outputs/E2_efficientnet_b4_4f
E3_dinov2_small_frozen_4f,01_ucf101,dinov2_small,4,4,True,0,outputs/E3_dinov2_small_frozen_4f/config.json,outputs/E3_dinov2_small_frozen_4f
E3_vit_small_frozen_4f,01_ucf101,vit_small_patch32_224,4,4,True,0,outputs/E3_vit_small_frozen_4f/config.json,outputs/E3_vit_small_frozen_4f
E4_x3d_xs_4f,01_ucf101,x3d_xs,4,2,False,0,outputs/E4_x3d_xs_4f/config.json,outputs/E4_x3d_xs_4f
E5_r3d18_16f,01_ucf101,r3d_18,16,2,False,0,outputs/E5_r3d18_16f/config.json,outputs/E5_r3d18_16f
vk_dinov2_1f,04_bundle_original,dinov2_small,1,8,True,0,outputs/vk_dinov2_1f/config.json,outputs/vk_dinov2_1f
vk_dinov2_4f,04_bundle_original,dinov2_small,4,8,True,0,outputs/vk_dinov2_4f/config.json,outputs/vk_dinov2_4f
vk_dinov2_8f,04_bundle_original,dinov2_small,8,8,True,0,outputs/vk_dinov2_8f/config.json,outputs/vk_dinov2_8f
vk_dinov2_partial_4f,04_bundle_original,dinov2_small,4,5,True,2,outputs/vk_dinov2_partial_4f/config.json,outputs/vk_dinov2_partial_4f
vk_owner_dinov2_1f,05_main_holdout,dinov2_small,1,8,True,0,outputs/vk_owner_dinov2_1f/config.json,outputs/vk_owner_dinov2_1f
vk_owner_dinov2_1f_weighted,05_main_holdout,dinov2_small,1,8,True,0,outputs/vk_owner_dinov2_1f_weighted/config.json,outputs/vk_owner_dinov2_1f_weighted
vk_owner_dinov2_4f,05_main_holdout,dinov2_small,4,8,True,0,outputs/vk_owner_dinov2_4f/config.json,outputs/vk_owner_dinov2_4f
vk_owner_dinov2_partial_4f,05_main_holdout,dinov2_small,4,5,True,2,outputs/vk_owner_dinov2_partial_4f/config.json,outputs/vk_owner_dinov2_partial_4f
vk_owner_r3d18_16f,05_main_holdout,r3d_18,16,5,False,0,outputs/vk_owner_r3d18_16f/config.json,outputs/vk_owner_r3d18_16f
vk_owner_resnet18_1f,05_main_holdout,resnet18,1,8,False,0,outputs/vk_owner_resnet18_1f/config.json,outputs/vk_owner_resnet18_1f
vk_owner_x3d_shortside_4f,05_main_holdout,x3d_xs,4,6,False,0,outputs/vk_owner_x3d_shortside_4f/config.json,outputs/vk_owner_x3d_shortside_4f
vk_owner_x3d_xs_4f,05_main_holdout,x3d_xs,4,6,False,0,outputs/vk_owner_x3d_xs_4f/config.json,outputs/vk_owner_x3d_xs_4f
vk_probe_dinov2,06_smoke,dinov2_small,4,1,True,0,outputs/vk_probe_dinov2/config.json,outputs/vk_probe_dinov2
vk_probe_dinov2_partial,06_smoke,dinov2_small,4,1,True,2,outputs/vk_probe_dinov2_partial/config.json,outputs/vk_probe_dinov2_partial
vk_probe_r3d,06_smoke,r3d_18,16,1,False,0,outputs/vk_probe_r3d/config.json,outputs/vk_probe_r3d
vk_probe_resnet18,06_smoke,resnet18,1,1,False,0,outputs/vk_probe_resnet18/config.json,outputs/vk_probe_resnet18
vk_probe_x3d,06_smoke,x3d_xs,4,1,False,0,outputs/vk_probe_x3d/config.json,outputs/vk_probe_x3d
vk_r3d18_16f,04_bundle_original,r3d_18,16,5,False,0,outputs/vk_r3d18_16f/config.json,outputs/vk_r3d18_16f
vk_x3d_shortside_4f,04_bundle_original,x3d_xs,4,6,False,0,outputs/vk_x3d_shortside_4f/config.json,outputs/vk_x3d_shortside_4f
vk_x3d_xs_4f,04_bundle_original,x3d_xs,4,6,False,0,outputs/vk_x3d_xs_4f/config.json,outputs/vk_x3d_xs_4f
